cityindex,latitude,longitude,city,country
139.0,-26.13,28.23,Johannesburg,South Africa
1591.0,23.2,79.95,Jabalpur,India
129.0,12.533333,-7.95,Bamako,Mali
1581.0,15.42,75.63,Gadag,India
2937.0,46.440833,30.770278,Odesa,Ukraine
614.0,60.72,-135.07,"Whitehorse, Yukon Territories",Canada
604.0,40.85,14.3,Naples (NAPOLI),Italy
2927.0,16.65,-14.938889,Podor,Senegal
1843.0,29.63,115.88,Jiujiang,China
572.0,15.22,104.85,Ubon Ratchathani,Thailand
1853.0,24.68,113.6,Shaoguan,China
562.0,40.8,111.68,Hohhot,China
327.0,13.48,2.17,Niamey,Niger
337.0,33.5,126.52,Jeju,Republic of Korea
2209.0,7.203065,2.056804,Bohicon,Benin
1163.0,23.71,90.41,Dhaka,Bangladesh
1982.0,34.85262,-82.39401,"Greenville, South Carolina",United States of America
62.0,48.08,20.77,Miskolc,Hungary
1173.0,17.97,19.15,Faya-Largeau,Chad
2219.0,40.6413,-8.6535,Aveiro,Portugal
3.0,41.13,-8.6,Porto,Portugal
72.0,45.33,14.42,Rijeka,Croatia
1992.0,39.11405,-94.62746,"Kansas City, Kansas",United States of America
1736.0,-33.35,151.5,The Entrance,Australia
1726.0,-42.73,147.44,Richmond [TAS],Australia
1450.0,34.79,48.51,Hamedan,Iran (Islamic Republic of)
180.0,31.62,-8.03,Marrakech,Morocco
819.0,42.2,-89.1,"Rockford, Illinois",United States of America
1528.0,12.47,-3.48,Dedougou,Burkina Faso
961.0,-20.05,30.82,Masvingo,Zimbabwe
809.0,43.65,-70.32,"Portland, Maine",United States of America
1440.0,34.8,-1.43,Tlemcen,Algeria
190.0,55.72,12.57,Copenhagen,Denmark
971.0,66.53,66.67,Salehard,Russian Federation
1538.0,13.17,30.23,Elobeid,Sudan
1205.0,20.63,-105.23,Puerto Vallarta,Mexico
2017.0,35.22257,-97.43948,"Norman, Oklahoma",United States of America
1215.0,-14.3,126.64,Kalumburu,Australia
2007.0,46.86052,-114.0195,"Missoula, Montana",United States of America
1267.0,34.73,36.7,Homs,Syrian Arab Republic
2894.0,36.42,-5.15,Estepona,Spain
2075.0,43.6825,10.395556,Pisa,Italy
1277.0,21.88,-102.28,Aguascalientes,Mexico
2884.0,38.04,-4.05,Andujar,Spain
1432.0,-2.67,141.28,Vanimo,Papua New Guinea
903.0,-0.08,34.75,Kisumu,Kenya
913.0,-26.48,31.38,Manzini,Eswatini
284.0,12.63,-87.13,Chinandega,Nicaragua
1754.0,38.35,-0.48,Alicante/Alacant,Spain
294.0,-34.58,-58.48,Buenos Aires,Argentina
1744.0,-35.12,142.0,Walpeup,Australia
1898.0,51.521,-2.576,Bristol,United Kingdom of Great Britain and Northern Ireland
1079.0,-10.0,-67.8,Rio Branco,Brazil
1888.0,26.3,43.76,Buraydah,Saudi Arabia
1111.0,44.28,42.05,Cherkessk,Russian Federation
10.0,-23.38,43.73,Toliara,Madagascar
1069.0,-16.68,-49.25,Goiania,Brazil
345.0,8.58,81.25,Trincomalee,Sri Lanka
355.0,35.17,136.97,Nagoya,Japan
1685.0,-36.34,145.06,Kyabram,Australia
1821.0,-41.39,146.32,Sheffield,Australia
468.0,-23.37,119.73,Newman,Australia
1959.0,44.31062,-69.77949,"Augusta, Maine",United States of America
510.0,-38.61,145.6,Wonthaggi,Australia
478.0,-33.14,148.16,Parkes,Australia
1831.0,41.1,123.03,Anshan,China
500.0,-31.9,152.48,Taree,Australia
1949.0,43.14538333,12.41626667,Perugia,Italy
2955.0,27.02,89.0833,Samtse,Bhutan
2945.0,-0.3689,35.2863,Kericho,Kenya
826.0,32.73,-117.17,"San Diego, California",United States of America
1517.0,2.95,9.916667,Kribi,Cameroon
836.0,43.12,-76.12,"Syracuse, New York",United States of America
1507.0,-1.49,29.63,Musanze,Rwanda
2150.0,25.366667,97.4,Myitkyina,Myanmar
1342.0,53.05,8.8,Bremen,Germany
2028.0,44.0234,-92.46295,"Rochester, Minnesota",United States of America
2140.0,25.9879,95.6741,Hkamti,Myanmar
2038.0,27.77306,-82.64,"St. Petersburg, Florida",United States of America
1352.0,49.5,11.05,Nuernberg,Germany
1024.0,47.27,39.82,Rostov-Na-Donu,Russian Federation
2226.0,39.45,-31.13,Santa Cruz das Flores,Portugal
1034.0,43.53,43.63,Nal'cik,Russian Federation
3011.0,46.913056,19.748333,Kecskemet,Hungary
1671.0,-36.54,147.5,Dartmouth,Australia
1661.0,-38.86,143.51,Cape Otway,Australia
3001.0,-19.89,48.8,Mahanoro,Madagascar
435.0,-41.54,147.2,Launceston,Australia
1904.0,53.497,-3.056,Liverpool,United Kingdom of Great Britain and Northern Ireland
425.0,-14.44,132.27,Katherine,Australia
1914.0,51.933333,-10.216667,Kerry,Ireland
260.0,6.17,1.25,Lome,Togo
318.0,-34.4,150.88,Wollongong,Australia
270.0,38.85,-77.03,Washington DC,United States of America
308.0,21.03,105.86,Hanoi,Viet Nam
106.0,-5.18,-80.6,Piura,Peru
116.0,39.57,66.95,Samarkand,Uzbekistan
753.0,44.03,-123.12,"Eugene, Oregon",United States of America
1283.0,29.08,-110.95,Hermosillo,Mexico
2091.0,46.777778,23.571389,Cluj-Napoca,Romania
2908.0,36.02,-5.61,Tarifa,Spain
743.0,43.2,-71.5,"Concord, New Hampshire",United States of America
1293.0,19.03,-98.22,Puebla,Mexico
2081.0,5.505101,-54.079685,Albina,Suriname
731.0,42.92,-106.47,"Casper, Wyoming",United States of America
1399.0,19.9535218,56.2873482,Haima,Oman
649.0,-8.65,115.22,Denpasar,Indonesia
721.0,30.53,-91.15,"Baton Rouge, Louisiana",United States of America
1389.0,43.32,21.9,Nis,Serbia
659.0,54.72,55.83,Ufa,Russian Federation
164.0,11.55,37.35,Bahir Dar,Ethiopia
985.0,56.7,47.92,Joskar-Ola,Russian Federation
174.0,56.48,21.02,Liepaja,Latvia
995.0,52.93,36.0,Orel,Russian Federation
202.0,34.88,33.63,Larnaka Airport,Cyprus
212.0,37.97,58.33,Ashgabat,Turkmenistan
1187.0,13.57,-89.83,Acajutla,El Salvador
457.0,-29.48,149.84,Moree,Australia
1966.0,39.97837,-86.11804,"Carmel, Indiana",United States of America
86.0,2.2,102.25,Melaka,Malaysia
1197.0,10.63,-71.63,Maracaibo,"Venezuela, Bolivarian Republic of"
447.0,-34.25,116.14,Manjimup,Australia
96.0,19.3,-81.27,Cayman Islands,British Caribbean Territories
1976.0,36.06258,-94.15743,"Fayetteville, Arkansas",United States of America
1613.0,19.27,76.77,Parbhani,India
1603.0,11.13,75.95,Kozhikode,India
1046.0,59.07,159.93,Palana,Russian Federation
596.0,18.5820101,-68.4054729,Punta Cana,Dominican Republic
1056.0,47.22,-1.55,Nantes,France
586.0,51.1,16.88,Wroclaw,Poland
2132.0,-44.722,169.244,Wanaka,New Zealand
788.0,43.13,-89.33,"Madison, Wisconsin",United States of America
1320.0,-32.17,152.52,Forster,Australia
1248.0,13.73,-60.95,Vieux-Fort,Saint Lucia
798.0,41.13,-100.68,"North Platte, Nebraska",United States of America
1330.0,-29.31,27.5,Mejametala,Lesotho
844.0,33.97,-98.48,"Wichita Falls, Texas",United States of America
1575.0,28.0,73.3,Bikaner,India
854.0,0.5,35.25,Eldoret,Kenya
1565.0,25.45,81.73,Allahabad,India
2114.0,-46.411,168.318,Invercargill,New Zealand
1306.0,-10.22,31.14,Kasama,Zambia
2104.0,28.21,84.0,Pokhara,Nepal
1316.0,-30.33,149.75,Narrabri,Australia
862.0,20.3,41.63,Al-Baha,Saudi Arabia
1553.0,-35.11,173.26,Kaitaia,New Zealand
872.0,1.6,-75.6,Florencia,Colombia
1543.0,-21.17,27.52,Francistown,Botswana
1625.0,21.2,72.83,Surat,India
1881.0,25.418,50.783,Dukhan,Qatar
19.0,40.72,46.42,Ganja,Azerbaijan
1060.0,-10.9,-37.05,Aracaju,Brazil
1891.0,17.46,47.1,Sharurah,Saudi Arabia
1070.0,-7.12,-34.87,Joao Pessoa,Brazil
224.0,28.583333,77.2,New Delhi (SFD),India
234.0,1.366667,103.916667,Singapore,Singapore
471.0,-29.04,167.94,Norfolk Island,Australia
509.0,-22.39,143.04,Winton,Australia
1940.0,-0.616666,30.65,Mbarara,Uganda
1828.0,-41.88,145.33,Zeehan,Australia
1950.0,42.46178333,14.21608333,Pescara,Italy
519.0,3.12,35.62,Lodwar,Kenya
717.0,35.43,-82.55,"Asheville, North Carolina",United States of America
707.0,22.5090128,-78.4069732,Cayo Coco,Cuba
142.0,53.22,6.57,Groningen,Netherlands
1492.0,5.53,-60.37,Kamarang,Guyana
152.0,43.23,76.93,Almaty,Kazakhstan
120.0,-12.95,40.48,Pemba,Mozambique
1588.0,29.17,75.73,Hissar,India
130.0,14.43,-11.43,Kayes,Mali
1598.0,29.7,77.03,Karnal,India
775.0,58.37,-134.58,"Juneau, Alaska",United States of America
765.0,47.48,-111.37,"Great Falls, Montana",United States of America
413.0,-37.65,142.06,Hamilton,Australia
1922.0,12.03,39.05,Lalibela,Ethiopia
403.0,-28.8,114.7,Geraldton,Australia
1932.0,31.95,34.8833,Lod,Israel
1796.0,-2.2,40.83,Lamu,Kenya
246.0,8.62,-13.2,Freetown,Sierra Leone
1786.0,43.46,-3.8,Santander,Spain
256.0,12.1,15.03,Ndjamena,Chad
2210.0,11.1333,2.9333,Kandi,Benin
1002.0,56.83,53.45,Izhevsk,Russian Federation
2200.0,42.239444,-8.726111,Vigo,Spain
1012.0,52.08,113.48,Chita,Russian Federation
387.0,-38.34,143.59,Colac,Australia
3027.0,12.26,109.2,Nha Trang,Viet Nam
1647.0,6.16,-75.39,Rionegro,Colombia
397.0,-34.73,138.65,Elizabeth,Australia
800.0,41.3,-95.9,"Omaha, Nebraska",United States of America
1449.0,36.84,54.43,Gorgan,Iran (Islamic Republic of)
199.0,42.0,21.47,Skopje,North Macedonia
978.0,54.75,32.07,Smolensk,Russian Federation
1531.0,10.33,-3.18,Gaoua,Burkina Faso
1459.0,32.1,50.51,Shahrekord,Iran (Islamic Republic of)
189.0,64.13,-21.9,Reykjavik,Iceland
810.0,45.57,-122.72,"Portland, Oregon",United States of America
1521.0,-3.42,29.92,Gitega,Burundi
968.0,61.82,34.27,Petrozavodsk,Russian Federation
2176.0,28.96,-13.551389,Arrecife,Spain
3504.0,6.316667,5.1,Benin,Nigeria
2997.0,-19.88,47.03,Antsirabe,Madagascar
1364.0,41.68,26.56,Edirne,Türkiye
2166.0,51.783333,19.466667,Lodz,Poland
2987.0,-31.516667,28.666667,Mthatha,South Africa
1374.0,54.24,-4.55,Isle of Man,United Kingdom of Great Britain and Northern Ireland
3514.0,31.940801,-4.390404,Errachidia,Morocco
2192.0,28.4975,-13.859167,Puerto del Rosario,Spain
728.0,42.93,-78.73,"Buffalo, New York",United States of America
1380.0,5.11,-1.25,Cape Coast,Ghana
650.0,-5.15,119.4,Ujung Pandang,Indonesia
738.0,41.42,-81.87,"Cleveland, Ohio",United States of America
2182.0,38.267222,-0.6975,Elche/Elx,Spain
1390.0,45.26,19.85,Novi Sad,Serbia
2963.0,26.71,85.92,Janakpur,Nepal
640.0,53.32,-60.42,"Goose Bay, Newfoundland",Canada
363.0,-35.71,150.18,Batemans Bay,Australia
373.0,-31.98,141.47,Broken Hill,Australia
1807.0,-42.12,148.28,Coles Bay,Australia
536.0,34.08,74.83,Srinagar,India
1817.0,-42.76,146.62,Maydena,Australia
526.0,30.73,76.78,Chandigarh,India
1772.0,42.14,-0.41,Huesca,Spain
1762.0,39.99,-0.04,Castellon de la Plana/Castello de la Plana,Spain
1127.0,10.15,-85.45,Nicoya,Costa Rica
26.0,52.42,16.85,Poznan,Poland
1137.0,47.983,91.683,Khovd,Mongolia
36.0,51.4,-3.2,Cardiff,United Kingdom of Great Britain and Northern Ireland
1241.0,8.4,-82.42,David,Panama
791.0,42.95,-87.9,"Milwaukee, Wisconsin",United States of America
1339.0,-29.14,27.76,Teyateyaneng,Lesotho
2053.0,10.1,-64.7,Barcelona,"Venezuela, Bolivarian Republic of"
1251.0,-21.12,119.68,Marble Bar,Australia
781.0,36.08,-115.17,"Las Vegas, Nevada",United States of America
2043.0,42.49276,-92.34296,"Waterloo, Iowa",United States of America
1329.0,0.05,32.45,Entebbe,Uganda
1414.0,16.93,53.98,Raysut,Oman
925.0,10.93,-14.3,Boke,Guinea
1404.0,17.48,54.77,Jabal_Samhan,Oman
935.0,32.65,51.68,Esfahan,Iran (Islamic Republic of)
947.0,49.57,5.53,Virton,Belgium
1466.0,35.47,44.4,Kirkuk,Iraq
957.0,-16.82,29.67,Karoi,Zimbabwe
2149.0,22.10856,95.13583,Monywa,Myanmar
1223.0,49.23,18.62,Zilina,Slovakia
2031.0,41.58746,-109.2029,"Rock Springs, Wyoming",United States of America
1233.0,43.3,-2.93,Bilbao,Spain
2159.0,18.465934,94.303159,Thandwe,Myanmar
2021.0,33.8303,-116.54529,"Palm Springs, California",United States of America
495.0,-42.16,145.29,Strahan Town,Australia
1145.0,48.82,103.52,Bulgan,Mongolia
44.0,32.0833,34.7833,Tel Aviv,Israel
485.0,-34.17,140.75,Renmark,Australia
1155.0,43.47,104.43,Dalanzadgad,Mongolia
54.0,46.07,14.52,Ljubljana,Slovenia
1668.0,-38.13,145.26,Cranbourne,Australia
3008.0,-25.03,46.99,Taolagnaro,Madagascar
3018.0,10.583333,14.316667,Maroua,Cameroon
1678.0,-34.52,144.85,Hay,Australia
1865.0,37.87,113.55,Yangquan,China
554.0,28.2,112.98,Changsha,China
1084.0,-5.1,-42.8,Teresina,Brazil
2286.0,36.4022,28.0882,Rhodes,Greece
544.0,38.48,106.22,Yinchuan,China
279.0,19.4,-99.13,Ciudad de Mexico,Mexico
301.0,-37.81,144.97,Melbourne,Australia
269.0,33.93,-118.38,"Los Angeles, California",United States of America
311.0,-11.73,43.22,Moroni,Comoros
886.0,11.25,-74.2,Santa Marta,Colombia
896.0,25.37,68.35,Hyderabad,Pakistan
632.0,46.62,-80.8,"Sudbury, Ontario",Canada
2911.0,42.06,-1.6,Tudela,Spain
2088.0,2.033333,-56.116667,Sipaliwini,Suriname
2879.0,7.733333,-5.35,Bouake,Côte d'Ivoire
2098.0,11.28,49.18,Bosaso,Somalia
2901.0,39.89,4.26,Mao-Mahon,Spain
622.0,51.12,-114.02,"Calgary, Alberta",Canada
1951.0,40.6404,15.8056,Potenza,Italy
518.0,-0.27,36.07,Nakuru,Kenya
1829.0,12.5,-70.0,Oranjestad,Curaçao and Sint Maarten
508.0,-33.03,137.53,Whyalla,Australia
1941.0,0.683333,34.166667,Tororo,Uganda
470.0,-35.16,138.51,Noarlunga,Australia
1839.0,36.42,94.9,Golmud,China
235.0,17.95,102.57,Vientiane,Lao People's Democratic Republic
225.0,22.57,88.36,Kolkata,India
153.0,51.17,71.43,Astana,Kazakhstan
1493.0,3.22,-59.48,Lethem,Guyana
143.0,52.35,4.9,Amsterdam (Schiphol),Netherlands
706.0,22.13,-80.47,Cienfuegos,Cuba
716.0,61.17,-150.02,"Anchorage, Alaska",United States of America
1542.0,-24.6282079,25.9231471,Gaborone,Botswana
873.0,4.43,-75.23,Ibague,Colombia
1552.0,-42.72,170.98,Hokitika,New Zealand
863.0,27.434,41.691,Hail,Saudi Arabia
1317.0,-36.9,149.9,Merimbula,Australia
1307.0,-17.82,25.82,Livingstone,Zambia
2115.0,-42.42,173.696,Kaikoura,New Zealand
1071.0,0.03,-51.05,Macapa,Brazil
1109.0,43.2,44.78,Nazran',Russian Federation
1890.0,29.78,40.09,Sakaka,Saudi Arabia
18.0,40.38,49.85,Baku,Azerbaijan
1061.0,-1.42,-48.48,Belem,Brazil
2273.0,38.921992,20.768831,Aktion (Preveza),Greece
1119.0,9.97,-83.03,Limon,Costa Rica
1624.0,23.65,87.7,Sriniketan,India
1634.0,20.95,-73.68,Inagua,Bahamas
3026.0,22.49,103.97,Lao Cai,Viet Nam
396.0,-36.17,144.76,Echuca,Australia
1646.0,3.58,-76.25,Palmira,Colombia
386.0,-30.31,153.12,Coffs Harbour,Australia
1013.0,51.83,107.6,Ulan-Ude,Russian Federation
2201.0,-45.59389,-72.10861,Coyhaique,Chile
1003.0,55.15,61.43,Cheljabinsk,Russian Federation
2211.0,10.824833,2.11,Kerou,Benin
2986.0,-25.8,25.533333,Mafikeng,South Africa
3515.0,33.930654,-4.973251,Fes,Morocco
2167.0,51.233333,22.566667,Lublin,Poland
3505.0,6.466667,7.55,Enugu,Nigeria
1365.0,37.87,32.5,Konya,Türkiye
2996.0,-14.9,50.28,Antalaha,Madagascar
2177.0,37.224167,-7.405278,Ayamonte,Spain
1520.0,-2.9083521,29.8265492,Ngozi,Burundi
969.0,69.4,86.17,Dudinka,Russian Federation
188.0,53.38,-6.27,Dublin,Ireland
1458.0,35.57,53.4,Semnan,Iran (Islamic Republic of)
811.0,41.73,-71.43,"Providence, Rhode Island",United States of America
979.0,53.25,34.32,Brjansk,Russian Federation
1530.0,12.07,0.35,Fada Ngourma,Burkina Faso
801.0,28.43,-81.33,"Orlando, Florida",United States of America
198.0,44.8,20.47,Belgrade,Serbia
1448.0,34.64,50.89,Ghom,Iran (Islamic Republic of)
764.0,42.88,-85.52,"Grand Rapids, Michigan",United States of America
774.0,30.5,-81.7,"Jacksonville, Florida",United States of America
1599.0,9.95,76.27,Kochi,India
131.0,11.35,-5.68,Sikasso,Mali
1589.0,24.77,93.9,Imphal,India
121.0,-15.1,39.25,Nampula,Mozambique
257.0,3.833333,11.516667,Yaounde,Cameroon
1787.0,40.95,-4.13,Segovia,Spain
247.0,-20.43,57.67,Plaisance,Mauritius
1797.0,-2.28,37.82,Makindu,Kenya
1933.0,30.6,34.8,Mizpe Ramon,Israel
402.0,-38.16,144.42,Geelong,Australia
1923.0,46.53,15.65,Maribor,Slovenia
412.0,-18.23,127.66,Halls Creek,Australia
1136.0,48.76,98.27,Tosontsengel,Mongolia
27.0,50.08,19.8,Krakow,Poland
1126.0,10.42,-85.08,Canas,Costa Rica
1763.0,35.89,-5.31,Ceuta,Spain
1773.0,37.77,-3.79,Jaen,Spain
934.0,7.75,-8.82,N'Zerekore,Guinea
1405.0,26.18,56.25,Khassab,Oman
924.0,10.05,-12.87,Kindia,Guinea
1415.0,23.38,57.43,Rustaq,Oman
2042.0,33.20984,-87.56917,"Tuscaloosa, Alabama",United States of America
1328.0,0.333333,32.6,Kampala,Uganda
780.0,42.77,-84.6,"Lansing, Michigan",United States of America
1338.0,-28.88,28.05,Leribe,Lesotho
2052.0,9.23,12.47,Yola,Nigeria
790.0,35.05,-89.98,"Memphis, Tennessee",United States of America
1240.0,41.67,-1.02,Zaragoza,Spain
641.0,45.33,-65.88,"Saint John NB, New Brunswick",Canada
2962.0,28.1,82.5,Ghorahi,Nepal
1391.0,42.67,21.16,Pristina,Serbia
739.0,38.82,-104.7,"Colorado Springs, Colorado",United States of America
2183.0,42.267778,2.960278,Figueres,Spain
2972.0,6.8,-2.5167,Goaso,Ghana
651.0,1.48,124.83,Manado,Indonesia
1381.0,6.6,0.47,Ho,Ghana
2193.0,41.153889,1.109722,Reus,Spain
729.0,44.47,-73.15,"Burlington, Vermont",United States of America
527.0,13.07,80.27,Chennai,India
1816.0,-40.91,144.71,Marrawah,Australia
537.0,8.48,76.95,Thiruvananthapuram,India
1806.0,-32.79,151.34,Cessnock,Australia
372.0,-33.96,116.14,Bridgetown,Australia
362.0,-37.51,143.79,Ballarat,Australia
310.0,-6.17,106.8,Jakarta,Indonesia
268.0,33.65,-84.43,"Atlanta, Georgia",United States of America
300.0,-33.86,151.21,Sydney,Australia
278.0,40.65,-73.78,"New York City, New York",United States of America
545.0,36.63,101.8,Xining,China
2287.0,37.6911,26.9162,Samos,Greece
1874.0,27.52,106.82,Zunyi,China
1085.0,-20.3,-40.3,Vitoria,Brazil
555.0,28.6,115.92,Nanchang,China
1864.0,34.28,117.15,Xuzhou,China
2099.0,9.5,44.08,Hargeisa,Somalia
623.0,51.18,-115.57,"Banff, Alberta",Canada
2900.0,41.73,1.82,Manresa,Spain
2878.0,8.05,-2.783333,Bondoukou,Côte d'Ivoire
2910.0,39.46,-5.88,Trujillo,Spain
633.0,42.27,-82.97,"Windsor, Ontario",Canada
2089.0,46.133611,21.353611,Arad,Romania
897.0,35.9,74.28,Gilgit,Pakistan
887.0,5.53,-73.35,Tunja,Colombia
2020.0,37.77191,-87.11117,"Owensboro, Kentucky",United States of America
1232.0,41.28,2.07,Barcelona,Spain
2158.0,20.783333,97.05,Taunggyi,Myanmar
2030.0,34.92487,-81.02508,"Rock Hill, South Carolina",United States of America
2148.0,21.383333,93.95,Mindat,Myanmar
1222.0,14.0,-61.01,Castries,Saint Lucia
956.0,-16.77,31.57,Mount Darwin,Zimbabwe
1467.0,36.34,43.14,Mosul,Iraq
946.0,50.02,5.38,St. Hubert,Belgium
3019.0,60.429167,15.500833,Borlange,Sweden
1679.0,-38.14,141.63,Heywood,Australia
1701.0,-37.15,146.44,Mount Buller,Australia
1669.0,-41.73,147.08,Cressy,Australia
3009.0,-20.29,44.28,Morondava,Madagascar
1711.0,-36.33,141.64,Nhill,Australia
55.0,53.63,10.0,Hamburg,Germany
1154.0,45.74,106.26,Mandalgovi,Mongolia
484.0,-33.58,120.04,Ravensthorpe,Australia
45.0,32.7833,35.5333,Tiberias,Israel
1144.0,47.19,102.83,Kharkhorin,Mongolia
494.0,-41.32,148.25,St Helens,Australia
1727.0,-41.78,145.53,Rosebery,Australia
1993.0,21.33539,-158.0569,"Kapolei, Hawaii",United States of America
73.0,43.52,16.43,Split,Croatia
2.0,38.72,-9.15,Lisboa,Portugal
1172.0,9.15,18.38,Sarh,Chad
2218.0,38.67,-27.22,Angra do Heroismo,Portugal
63.0,47.5,21.63,Debrecen,Hungary
1983.0,30.36742,-89.09282,"Gulfport, Mississippi",United States of America
2208.0,-43.2,-65.266667,Trelew,Argentina
1162.0,-36.5,148.3,Thredbo,Australia
2006.0,48.23251,-101.29627,"Minot, North Dakota",United States of America
1214.0,-18.19,125.57,Fitzroy Crossing,Australia
2016.0,37.08708,-76.47301,"Newport News, Virginia",United States of America
1204.0,22.88,-109.92,Los Cabos,Mexico
970.0,67.63,53.03,Nar'jan-Mar,Russian Federation
1539.0,12.07,24.88,Nyala,Sudan
808.0,42.92,-112.53,"Pocatello, Idaho",United States of America
191.0,50.8,4.35,Brussels,Belgium
1441.0,35.17,33.37,Nicosia,Cyprus
1529.0,14.03,-0.03,Dori,Burkina Faso
960.0,-20.48,27.8,Plumtree,Zimbabwe
181.0,43.05,141.33,Sapporo,Japan
1451.0,33.64,46.42,Ilam,Iran (Islamic Republic of)
818.0,43.12,-77.67,"Rochester, New York",United States of America
605.0,38.18,13.1,Palermo,Italy
615.0,62.47,-114.45,"Yellowknife, Northwest Territories",Canada
2936.0,49.926667,36.278889,Kharkiv,Ukraine
1580.0,27.48,95.02,Dibrugarh,India
128.0,-25.95,32.57,Maputo,Mozambique
1590.0,22.72,75.8,Indore,India
138.0,-33.97,18.6,Cape Town,South Africa
336.0,35.1,129.03,Busan,Republic of Korea
326.0,-34.97,-54.95,Punta Del Este,Uruguay
563.0,24.48,118.07,Xiamen,China
1852.0,23.4,116.68,Shantou,China
573.0,14.97,102.1,Nakhon Ratchasima,Thailand
1842.0,43.88,126.55,Jilin,China
501.0,-19.64,134.18,Tennant Creek,Australia
1948.0,44.40565,8.94625,Genova,Italy
479.0,-32.53,137.79,Port Augusta,Australia
1830.0,-22.35,17.06,Windhoek,Namibia
1958.0,33.4735,-82.01051,"Augusta, Georgia",United States of America
511.0,-31.16,136.8,Woomera,Australia
1820.0,-41.11,146.07,Penguin,Australia
469.0,-12.27,136.82,Nhulunbuy,Australia
354.0,25.033333,121.516667,Taibei,China
1694.0,-37.06,143.73,Maryborough [VIC],Australia
344.0,6.68,80.38,Ratnapura,Sri Lanka
2944.0,-0.6773,34.7796,Kisii,Kenya
667.0,-6.162959,35.7516069,Dodoma,United Republic of Tanzania
2954.0,26.9,90.43,Bhur,Bhutan
912.0,-26.32,31.13,Mbabane,Eswatini
1423.0,47.77,27.92,Balti,Republic of Moldova
902.0,43.7,7.27,Nice,France
1433.0,-3.57,143.62,Wewak,Papua New Guinea
2064.0,4.6,-61.1,Santa Elena De Uairen,"Venezuela, Bolivarian Republic of"
2885.0,40.03,-3.6,Aranjuez,Spain
1276.0,27.25,91.2,Mongar,Bhutan
2074.0,44.91,9.73,Piacenza,Italy
2895.0,42.57,-2.85,Haro,Spain
1266.0,32.62,36.1,Dara'a,Syrian Arab Republic
11.0,-15.72,46.3,Mahajanga,Madagascar
1068.0,-3.78,-38.58,Fortaleza,Brazil
1889.0,17.61,44.41,Najran,Saudi Arabia
1110.0,43.03,44.67,Vladikavkaz,Russian Federation
1078.0,-8.08,-34.9,Recife,Brazil
1899.0,52.245,-0.103,Cambridge,United Kingdom of Great Britain and Northern Ireland
1745.0,-36.26,142.41,Warracknabeal,Australia
295.0,-8.78,160.73,Auki,Solomon Islands
1755.0,39.01,-1.86,Albacete,Spain
285.0,10.008472,-84.218064,Alajuela,Costa Rica
309.0,10.78,106.7,Ho Chi Minh City,Viet Nam
271.0,39.77,-104.87,"Denver, Colorado",United States of America
319.0,-32.92,151.8,Newcastle,Australia
261.0,-8.78,13.22,Luanda,Angola
1915.0,53.72,-9.0,Mayo,Ireland
424.0,-33.69,117.56,Katanning,Australia
1905.0,55.057,-7.008,Londonderry (Derry),United Kingdom of Great Britain and Northern Ireland
434.0,-38.19,146.33,Latrobe Valley,Australia
2080.0,39.8325,45.670278,Jermuk,Armenia
1292.0,19.68,-101.18,Morelia,Mexico
742.0,40.0,-82.88,"Columbus, Ohio",United States of America
2090.0,47.735556,26.645556,Botosani,Romania
2909.0,36.62,-4.5,Torremolinos,Spain
1282.0,24.82,-107.38,Culiacan,Mexico
752.0,42.08,-80.18,"Erie, Pennsylvania",United States of America
117.0,37.23,67.27,Termez,Uzbekistan
107.0,-7.15,-78.52,Cajamarca,Peru
2039.0,41.05343,-73.53873,"Stamford, Connecticut",United States of America
1353.0,47.4,10.28,Oberstdorf,Germany
683.0,-12.16,96.87,Cocos Island,Australia
2141.0,24.866667,94.916667,Homalin,Myanmar
1343.0,51.13,13.75,Dresden,Germany
693.0,49.15,16.7,Brno,Czechia
2029.0,43.30453,-70.97562,"Rochester, New Hampshire",United States of America
2151.0,19.77117,96.1829,Naypyitaw,Myanmar
1506.0,-1.6,30.05,Gicumbi,Rwanda
837.0,30.38,-84.37,"Tallahassee, Florida",United States of America
1516.0,5.95,10.15,Bamenda,Cameroon
827.0,46.47,-84.37,"Sault Ste. Marie, Michigan",United States of America
3000.0,-22.81,47.83,Farafangana,Madagascar
1718.0,-37.8,149.27,Point Hicks,Australia
3010.0,46.679444,21.160556,Bekescsaba,Hungary
1670.0,-39.93,143.85,Currie,Australia
1708.0,-42.9,147.24,Mount Wellington,Australia
1025.0,46.37,44.33,Elista,Russian Federation
1057.0,48.58,7.75,Strasbourg,France
597.0,18.8,-71.23,San Juan,Dominican Republic
1047.0,48.78,132.9,Birobidzan,Russian Federation
1602.0,25.15,75.85,Kota,India
1612.0,28.566667,77.116667,New Delhi (Palam),India
1564.0,20.7,77.07,Akola,India
855.0,-31.32,-64.22,Cordoba,Argentina
1574.0,23.25,69.67,Bhuj,India
845.0,41.33,-75.73,"Wilkes Barre, Pennsylvania",United States of America
1331.0,-29.82,27.25,Mafeteng,Lesotho
799.0,35.4,-97.6,"Oklahoma City, Oklahoma",United States of America
2123.0,-40.9045,174.9851,Paraparaumu,New Zealand
1321.0,-34.25,148.23,Young,Australia
2133.0,-41.741,171.58,Westport,New Zealand
789.0,42.37,-122.87,"Medford, Oregon",United States of America
1259.0,-28.88,121.33,Leonora,Australia
994.0,54.32,48.33,Ulyanovsk,Russian Federation
175.0,56.97,24.05,Riga,Latvia
984.0,56.9,35.88,Tver',Russian Federation
165.0,9.58,41.87,Dire Dawa,Ethiopia
658.0,57.73,40.78,Kostroma,Russian Federation
1388.0,44.01,20.93,Kragujevac,Serbia
720.0,39.18,-76.67,"Baltimore, Maryland",United States of America
648.0,-7.23,112.73,Surabaya,Indonesia
1398.0,22.32,56.55,Fahud,Oman
730.0,46.87,-68.02,"Caribou, Maine",United States of America
1977.0,40.58526,-105.08442,"Fort Collins, Colorado",United States of America
97.0,25.05,-77.466667,Nassau,Bahamas
446.0,-32.5,115.77,Mandurah,Australia
1196.0,11.42,-69.68,Coro,"Venezuela, Bolivarian Republic of"
87.0,4.33,113.98,Miri,Malaysia
1967.0,39.1638,-119.7674,"Carson City, Nevada",United States of America
456.0,-29.21,116.01,Morawa,Australia
1186.0,13.98,-89.57,Santa Ana,El Salvador
213.0,33.513056,36.291944,Damascus,Syrian Arab Republic
203.0,59.9342802,30.3350986,St. Petersburg,Russian Federation
1532.0,12.35,-1.52,Ouagadougou Aero,Burkina Faso
803.0,45.68,-118.85,"Pendleton, Oregon",United States of America
1522.0,-2.85,30.35,Muyinga,Burundi
813.0,35.87,-78.78,"Raleigh & Durham, North Carolina",United States of America
2994.0,-25.833333,29.183333,Witbank,South Africa
1367.0,38.62,34.71,Nevsehir,Türkiye
3507.0,11.85,13.133333,Maiduguri,Nigeria
2175.0,41.671389,-3.689167,Aranda de Duero,Spain
3517.0,30.932448,-6.899335,Ouarzazate,Morocco
2984.0,-29.1,26.3,Bloemfontein,South Africa
1377.0,32.29,-64.78,Hamilton,United Kingdom of Great Britain and Northern Ireland
2165.0,54.183333,16.183333,Koszalin,Poland
9.0,-12.27,49.28,Antsiranana,Madagascar
78.0,1.47,103.75,Johor Bahru,Malaysia
1998.0,30.22409,-92.01984,"Lafayette, Louisiana",United States of America
1001.0,57.12,65.43,Tjumen',Russian Federation
2213.0,6.366667,2.1,Ouidah,Benin
1179.0,32.7,13.083333,Tripoli,Libya (State of)
1011.0,52.82,104.77,Ust'ordynskiy,Russian Federation
1988.0,38.5767,-92.17352,"Jefferson City, Missouri",United States of America
68.0,40.53,44.93,Sevan,Armenia
1169.0,13.83,20.82,Abeche,Chad
2203.0,-29.9175,-71.20111,La Serena,Chile
1654.0,-42.87,147.37,Bellerive,Australia
384.0,-22.83,147.64,Clermont,Australia
1644.0,0.83,-77.62,Ipiales,Colombia
394.0,-41.17,146.43,Devonport,Australia
3024.0,20.865139,106.68383,Hai Phong,Viet Nam
568.0,16.88,99.15,Tak,Thailand
1921.0,12.55,37.42,Gondar,Ethiopia
410.0,-34.25,146.07,Griffith,Australia
1859.0,39.65,118.1,Tangshan,China
1931.0,32.8,34.9833,Haifa,Israel
578.0,7.2,100.6,Songkhla,Thailand
400.0,-31.68,128.88,Eucla,Australia
1795.0,-0.47,39.63,Garissa,Kenya
245.0,9.57,-13.62,Conakry,Guinea
1785.0,40.97,-5.67,Salamanca,Spain
255.0,0.45,9.42,Libreville,Gabon
123.0,-16.15,33.58,Tete,Mozambique
133.0,14.52,-4.1,Mopti,Mali
776.0,39.32,-94.72,"Kansas City, Missouri",United States of America
766.0,44.48,-88.13,"Green Bay, Wisconsin",United States of America
714.0,40.65,-75.43,"Allentown, Pennsylvania",United States of America
704.0,22.43,-83.68,Pinar Del Rio,Cuba
141.0,52.95,4.75,Den Helder,Netherlands
1491.0,5.34,-57.47,Ebini,Guyana
151.0,17.12,-61.83,St. John's Antigua,Antigua and Barbuda
227.0,6.9,79.87,Colombo,Sri Lanka
237.0,39.933333,116.283333,Beijing,China
472.0,-31.64,116.67,Northam,Australia
1953.0,46.07083333,13.23423333,Udine,Italy
1626.0,10.77,78.72,Tiruchirapalli,India
1063.0,2.83,-60.72,Boa Vista,Brazil
1882.0,26.146,51.208,Al-Ruwais,Qatar
1073.0,-3.12,-60.02,Manaus,Brazil
1892.0,24.0231757,38.1899782,Yanbu,Saudi Arabia
1305.0,-13.56,32.59,Chipata,Zambia
1315.0,-27.61,153.14,Springwood,Australia
2107.0,-41.521,173.864,Blenheim,New Zealand
919.0,43.2,27.9,Varna,Bulgaria
1550.0,-45.86,170.52,Dunedin,New Zealand
861.0,18.23,42.65,Abha,Saudi Arabia
1428.0,-2.58,150.79,Kavieng,Papua New Guinea
1540.0,9.55,31.65,Malakal,South Sudan
909.0,37.82,68.78,Kurgan-Tube,Tajikistan
1438.0,34.68,3.25,Djelfa,Algeria
871.0,7.88,-72.48,Cucuta,Colombia
885.0,12.57,-81.68,"San Andres, Island",Colombia
895.0,26.23,68.4,Nawabshah,Pakistan
631.0,48.37,-89.32,"Thunder Bay, Ontario",Canada
2912.0,38.76,-3.38,Valdepenas,Spain
749.0,46.83,-92.18,"Duluth, Minnesota",United States of America
1299.0,32.53,-117.02,Tijuana,Mexico
2902.0,28.41,-16.55,Puerto de la Cruz,Spain
621.0,53.3,-113.58,"Edmonton, Alberta",Canada
759.0,35.33,-94.37,"Fort Smith, Arkansas",United States of America
1289.0,23.22,-106.42,Mazatlan,Mexico
557.0,26.08,119.28,Fuzhou,China
1087.0,17.25,-88.78,Belmopan City,Belize
1866.0,37.5,121.35,Yantai,China
547.0,30.67,104.02,Chengdu,China
2285.0,39.0541,26.6038,Mytilini,Greece
302.0,-35.308889,149.200278,Canberra,Australia
312.0,47.38,8.57,Zurich,Switzerland
47.0,40.97,29.08,Istanbul,Türkiye
496.0,-26.8,153.15,Sunshine Coast,Australia
1146.0,50.24,106.17,Sukhbaatar,Mongolia
57.0,50.1,8.68,Frankfurt,Germany
1156.0,43.2,107.19,Khanbogd,Mongolia
1713.0,-42.3,147.37,Oatlands,Australia
1703.0,-37.82,140.78,Mount Gambier,Australia
944.0,51.22,2.91,Ostend,Belgium
954.0,-18.97,32.65,Mutare,Zimbabwe
1465.0,32.61,44.02,Karbala,Iraq
1358.0,49.75,6.67,Trier,Germany
2032.0,33.39427,-104.52302,"Roswell, New Mexico",United States of America
1220.0,-20.28,57.47,Vacoas,Mauritius
2022.0,39.26674,-81.56151,"Parkersburg, West Virginia",United States of America
698.0,16.88,42.53,Jizan,Saudi Arabia
1348.0,51.3,9.45,Kassel,Germany
1230.0,-13.83,-171.75,Apia,Samoa
2050.0,12.5,8.3,Kano,Nigeria
2128.0,-38.333,175.167,Te Kuiti,New Zealand
1242.0,8.08,-80.97,Santiago,Panama
792.0,30.68,-88.23,"Mobile, Alabama",United States of America
2040.0,47.25288,-122.44429,"Tacoma, Washington",United States of America
1252.0,-32.2,121.78,Norseman,Australia
782.0,38.03,-84.6,"Lexington, Kentucky",United States of America
2138.0,14.141613,93.368124,Coco-Island,Myanmar
926.0,10.37,-12.08,Mamou,Guinea
1417.0,23.3,57.98,Samail,Oman
936.0,29.6,52.52,Shiraz,Iran (Islamic Republic of)
1407.0,18.18,55.22,Marmul,Oman
1609.0,29.47,79.65,Mukteshwar,India
1771.0,37.26,-6.95,Huelva,Spain
1619.0,23.32,85.32,Ranchi,India
1761.0,36.52,-6.28,Cadiz,Spain
25.0,54.35,18.63,Gdansk,Poland
1124.0,10.63,-85.42,Liberia,Costa Rica
1134.0,49.97,92.08,Ulaangom,Mongolia
360.0,-19.62,147.38,Ayr / Home Hill,Australia
218.0,35.7,51.35,Tehran,Iran (Islamic Republic of)
370.0,-20.02,148.22,Bowen,Australia
208.0,47.02,28.83,Chisinau,Republic of Moldova
535.0,18.53,73.85,Pune,India
1804.0,-41.87,148.3,Bicheno,Australia
525.0,20.25,85.83,Bhubaneshwar,India
1814.0,-41.23,146.41,Latrobe,Australia
1383.0,7.79,-0.05,Kete-Krachi,Ghana
653.0,-0.02,109.33,Pontianak,Indonesia
2970.0,10.8,-0.8667,Bolgatanga,Ghana
2191.0,42.5475,-6.597222,Ponferrada,Spain
1393.0,22.39,57.52,Adam,Oman
2960.0,26.5,87.3,Biratnagar,Nepal
643.0,68.3,-133.48,"Inuvik, Northwest Territories",Canada
2181.0,38.906667,1.436111,Eivissa,Spain
2956.0,27.44,89.68,Thimphu,Bhutan
665.0,53.08,158.58,Petropavlovsk-Kamca,Russian Federation
2946.0,0.2827,34.7519,Kakamega,Kenya
158.0,3.45,-76.52,Cali,Colombia
148.0,17.48,-88.18,Belize City,Belize
1498.0,29.38,47.98,Kuwait City,Kuwait
346.0,11.85,-15.58,Bissau,Guinea-Bissau
1696.0,-37.94,145.04,Moorabbin,Australia
356.0,-34.94,117.8,Albany,Australia
1686.0,-18.33,130.64,Lajamanu,Australia
513.0,-23.1,150.73,Yeppoon,Australia
1822.0,-42.78,147.56,Sorell,Australia
503.0,-35.56,138.62,Victor Harbor,Australia
1832.0,34.33,107.42,Baoji,China
287.0,15.58,-61.3,Melville Hall Airport,Dominica
1757.0,40.66,-4.7,Avila,Spain
297.0,-17.55,-149.62,Tahiti,French Polynesia
1747.0,-40.12,148.02,Whitemark,Australia
13.0,43.87,18.43,Sarajevo,Bosnia and Herzegovina
1112.0,51.95,85.95,Gorno-Altaisk,Russian Federation
2278.0,35.3353,25.182,Herakleion,Greece
2076.0,38.114444,15.65,Reggio Calabria,Italy
1264.0,34.55,38.3,Palmyra,Syrian Arab Republic
2897.0,42.36,1.46,La Seu D-Urgell,Spain
2066.0,7.3,-61.5,Tumeremo,"Venezuela, Bolivarian Republic of"
1274.0,27.5,90.13,Wangdi Phodrang,Bhutan
2887.0,42.0,-5.68,Benavente,Spain
1549.0,55.74,24.37,Panevezys,Lithuania
900.0,33.9,73.38,Murree,Pakistan
1431.0,-4.2,152.17,Rabaul,Papua New Guinea
878.0,1.22,-77.27,Pasto,Colombia
910.0,40.28,69.62,Khujand,Tajikistan
1559.0,-38.11,176.32,Rotorua,New Zealand
868.0,4.52,-75.68,Armenia,Colombia
1421.0,17.67,54.03,Thumrait,Oman
962.0,-17.93,25.83,Victoria Falls,Zimbabwe
1453.0,33.48,48.35,Khoramabad,Iran (Islamic Republic of)
183.0,35.68,139.77,Tokyo,Japan
972.0,61.72,50.83,Syktyvkar,Russian Federation
1443.0,34.09,49.69,Arak,Iran (Islamic Republic of)
193.0,46.25,6.13,Geneva,Switzerland
2014.0,41.30827,-72.92788,"New Haven, Connecticut",United States of America
1206.0,20.68,-103.33,Guadalajara,Mexico
2004.0,31.24379,-90.45315,"McComb, Mississippi",United States of America
1216.0,-21.63,115.12,Onslow,Australia
1981.0,40.9264,-98.34201,"Grand Island, Nebraska",United States of America
61.0,47.67,17.63,Gyor,Hungary
1160.0,-33.72,150.67,Penrith,Australia
71.0,45.55,18.67,Osijek,Croatia
1991.0,21.40222,-157.73944,"Kailua, Hawaii",United States of America
1008.0,55.23,86.12,Kemerovo,Russian Federation
1170.0,13.47,14.7,Bol,Chad
1735.0,-36.44,145.27,Tatura,Australia
1725.0,-33.6,150.78,Richmond [NSW],Australia
1938.0,-1.25,29.983333,Kabale,Uganda
571.0,16.43,102.83,Khon Kaen,Thailand
409.0,-29.68,152.93,Grafton,Australia
561.0,25.32,110.3,Guilin,China
1928.0,58.4,24.5,Parnu,Estonia
419.0,-27.62,152.76,Ipswich,Australia
1850.0,18.23,109.52,Sanya,China
324.0,9.066667,7.483333,Abuja,Nigeria
334.0,36.33,127.43,Daejeon,Republic of Korea
1592.0,19.08,82.03,Jagdalpur,India
1582.0,27.33,88.62,Gangtok,India
2934.0,48.36,35.085,Dnipro,Ukraine
617.0,50.7,-120.45,"Kamloops, British Columbia",Canada
607.0,54.88396,23.83588,Kaunas,Lithuania
2049.0,-0.9,-89.6,San Cristobal-Galapagos,Ecuador
1333.0,-30.4,27.72,Quthing,Lesotho
2121.0,-45.1,170.95,Oamaru,New Zealand
1576.0,11.03,77.05,Coimbatore,India
847.0,41.27,-80.67,"Youngstown, Ohio",United States of America
1566.0,23.17,83.25,Ambikapur,India
857.0,-25.6,-54.57,Iguazu,Argentina
1610.0,12.3,76.7,Mysore,India
1768.0,41.98,2.82,Girona,Spain
1600.0,10.23,77.47,Kodaikanal,India
1778.0,35.29,-2.94,Melilla,Spain
1045.0,67.83,20.43,Kiruna,Sweden
595.0,19.78,-70.68,Puerto Plata,Dominican Republic
1055.0,43.3,5.37,Marseille,France
585.0,54.13,22.95,Suwalki,Poland
379.0,-24.88,113.67,Carnarvon,Australia
201.0,41.951944,12.500833,Rome (ROMA),Italy
369.0,-30.09,145.94,Bourke,Australia
211.0,38.55,68.78,Dushanbe,Tajikistan
1965.0,46.00382,-112.53478,"Butte, Montana",United States of America
85.0,6.37,99.78,Langkawi,Malaysia
454.0,-30.64,116.01,Moora,Australia
95.0,4.93,114.93,Bandar Seri Begawan,Brunei Darussalam
1975.0,39.15817,-75.52437,"Dover, Delaware",United States of America
1194.0,30.13,9.5,Ghadames,Libya (State of)
444.0,-32.81,151.35,Maitland and Cessnock,Australia
2969.0,9.0333,-2.4833,Bole,Ghana
2188.0,38.917222,-6.344167,Merida,Spain
732.0,32.9,-80.03,"Charleston, South Carolina",United States of America
2979.0,5.3,-1.9833,Tarkwa,Ghana
722.0,45.8,-108.53,"Billings, Montana",United States of America
2198.0,39.96,-4.833611,Talavera de la Reina,Spain
986.0,55.6,49.28,Kazan',Russian Federation
167.0,13.48,39.47,Mekele,Ethiopia
996.0,52.7,39.52,Lipeck,Russian Federation
177.0,37.97,23.72,Athens,Greece
105.0,-53.0,-70.85,Punta Arenas,Chile
115.0,41.27,69.27,Tashkent,Uzbekistan
628.0,52.17,-106.68,"Saskatoon, Saskatchewan",Canada
2092.0,44.213889,28.645556,Constanta,Romania
750.0,31.8,-106.4,"El Paso, Texas",United States of America
1280.0,20.52,-86.95,Cozumel,Mexico
2082.0,4.009972,-55.468061,Djoemoe,Suriname
638.0,46.17,-60.05,"Sydney, Nova Scotia",Canada
740.0,33.95,-81.12,"Columbia, South Carolina",United States of America
1290.0,20.98,-89.62,Merida,Mexico
1907.0,51.441,-0.938,Reading,United Kingdom of Great Britain and Northern Ireland
436.0,-28.63,122.41,Laverton [WA],Australia
1917.0,52.33,-6.45,Wexford,Ireland
426.0,-33.71,150.3,Katoomba,Australia
263.0,-17.92,31.13,Harare,Zimbabwe
273.0,42.37,-71.03,"Boston, Massachusetts",United States of America
1027.0,45.03,39.15,Krasnodar,Russian Federation
1037.0,43.35,45.68,Groznyj,Russian Federation
2225.0,40.5379,-7.2647,Guarda,Portugal
3012.0,46.456111,16.970556,Nagykanizsa,Hungary
3002.0,-18.05,44.03,Maintirano,Madagascar
1662.0,-37.59,141.41,Casterton,Australia
1514.0,7.316667,13.583333,Ngaoundere,Cameroon
825.0,29.53,-98.47,"San Antonio, Texas",United States of America
1504.0,1.716667,33.616667,Soroti,Uganda
835.0,37.23,-93.38,"Springfield, Missouri",United States of America
3521.0,35.726255,-5.905584,Tanger,Morocco
1341.0,-29.8421195,28.0496659,Semonkong,Lesotho
2153.0,27.333333,97.416667,Putao,Myanmar
1239.0,41.72,-4.85,Valladolid,Spain
681.0,-10.45,105.69,Christmas Island,Australia
1351.0,52.13,11.6,Magdeburg,Germany
1229.0,49.22,21.65,Tisinec,Slovakia
2143.0,23.2,94.3,Kalewa,Myanmar
1113.0,9.92,-84.07,San Jose,Costa Rica
2279.0,39.694917,20.819306,Ioannina,Greece
12.0,-21.45,47.1,Fianarantsoa,Madagascar
1746.0,-38.64,143.51,Weeaproinah,Australia
296.0,-22.28,166.45,Noumea,New Caledonia
1756.0,36.84,-2.46,Almeria,Spain
286.0,12.12,-68.88,Curacao,Curaçao and Sint Maarten
869.0,7.07,-73.85,Barrancabermeja,Colombia
1420.0,23.9,57.27,Suwiq,Oman
911.0,37.48,71.55,Khorog,Tajikistan
1558.0,-45.04,168.66,Queenstown,New Zealand
1430.0,-5.21,145.79,Madang,Papua New Guinea
879.0,4.8,-75.68,Pereira,Colombia
1548.0,55.93,23.31,Siauliai,Lithuania
901.0,34.36667,73.48333,Muzaffarabad,Pakistan
2886.0,43.56,-5.93,Aviles,Spain
1275.0,27.6,90.82,Bumthang,Bhutan
2067.0,9.2,-66.0,Valle De La Pascua,"Venezuela, Bolivarian Republic of"
2896.0,38.79,0.16,Javea/Xabia,Spain
1265.0,37.05,41.22,Qamishli,Syrian Arab Republic
2077.0,45.38,10.86,Verona,Italy
1499.0,41.14,20.8,Ohrid,North Macedonia
149.0,59.398056,24.602778,Tallinn,Estonia
1489.0,7.27,-58.49,Anna Regina,Guyana
159.0,6.23,-75.58,Medellin,Colombia
2947.0,-1.0875,35.8771,Narok,Kenya
664.0,43.12,131.93,Vladivostok,Russian Federation
674.0,-15.5,167.17,Luganville,Vanuatu
2957.0,27.28,91.52,Trashigang,Bhutan
1833.0,40.52,110.13,Baotou,China
502.0,-27.58,151.93,Toowoomba,Australia
1823.0,-41.58,148.18,St Marys,Australia
512.0,-37.66,145.44,Yarra Glen,Australia
1687.0,-37.23,145.91,Lake Eildon,Australia
357.0,-13.98,136.43,Alyangula,Australia
1697.0,-38.24,145.07,Mornington,Australia
347.0,13.37,103.85,Siem Reap,Cambodia
335.0,35.15,126.9,Gwangju,Republic of Korea
325.0,4.85,7.02,Port-Harcourt,Nigeria
418.0,-29.78,151.11,Inverell,Australia
1851.0,34.35,115.6,Shangqiu,China
560.0,38.9,121.63,Dalian,China
1929.0,32.6167,35.2833,Afula,Israel
408.0,-34.72,149.74,Goulburn,Australia
1939.0,1.6873134,31.7138458,Masindi,Uganda
570.0,17.0,99.73,Sukhothai,Thailand
2925.0,15.638889,-13.25,Matam,Senegal
606.0,45.5,12.33,Venice (VENEZIA),Italy
616.0,54.3,-130.43,"Prince Rupert, British Columbia",Canada
2935.0,49.8075,23.965278,Lviv,Ukraine
1583.0,24.75,84.95,Gaya,India
1593.0,26.9,70.92,Jaisalmer,India
1217.0,-33.05,135.46,Wudinna,Australia
2005.0,41.56232,-72.65065,"Middletown, Connecticut",United States of America
1207.0,16.83,-99.9,Acapulco,Mexico
2015.0,39.68372,-75.74966,"Newark, Delaware",United States of America
192.0,49.616667,6.216667,Luxembourg,Luxembourg
1442.0,34.72,32.49,Paphos Airport,Cyprus
973.0,61.02,69.03,Hanty-Mansijsk,Russian Federation
182.0,38.27,140.9,Sendai,Japan
1452.0,34.31,47.06,Kermanshah,Iran (Islamic Republic of)
963.0,-22.2,29.98,Beitbridge,Zimbabwe
1724.0,-38.46,145.31,Rhyll,Australia
1734.0,-42.3,146.45,Tarraleah,Australia
1171.0,8.55,16.08,Moundou,Chad
1990.0,35.8423,-90.70428,"Jonesboro, Arkansas",United States of America
70.0,45.82,15.98,Zagreb,Croatia
1.0,22.302313906,114.174360516,Hong Kong,"Hong Kong, China"
1009.0,53.43,83.52,Barnaul,Russian Federation
1161.0,-36.4,148.4,Perisher Valley,Australia
1019.0,51.77,36.17,Kursk,Russian Federation
60.0,47.433333,19.183333,Budapest,Hungary
1980.0,47.92526,-97.03285,"Grand Forks, North Dakota",United States of America
445.0,-34.38,137.67,Maitland,Australia
1195.0,27.02,14.45,Sebha,Libya (State of)
1974.0,41.52364,-90.57764,"Davenport, Iowa",United States of America
94.0,-17.75,177.45,Nadi,Fiji
455.0,-21.99,148.03,Moranbah,Australia
84.0,5.3,115.25,Labuan,Malaysia
1964.0,44.31136,-96.79839,"Brookings, South Dakota",United States of America
210.0,42.85,74.57,Bishkek,Kyrgyzstan
368.0,-16.08,136.3,Borroloola,Australia
200.0,44.5,26.13,Bucharest,Romania
378.0,-28.64,153.63,Cape Byron,Australia
176.0,57.38,21.57,Ventspils,Latvia
997.0,52.8,41.33,Tambov,Russian Federation
166.0,7.67,36.83,Jimma,Ethiopia
987.0,56.12,40.35,Vladimir,Russian Federation
723.0,33.45,-86.85,"Birmingham, Alabama",United States of America
2199.0,27.805833,-17.912778,Valverde,Spain
2978.0,6.1965,-2.3211,Sefwi Bekwai,Ghana
2189.0,36.745556,-3.521111,Motril,Spain
733.0,38.37,-81.6,"Charleston, West Virginia",United States of America
2968.0,4.8667,-2.2333,Axim,Ghana
856.0,-32.83,-68.78,Mendoza,Argentina
1567.0,31.63,74.87,Amritsar,India
846.0,46.57,-120.53,"Yakima, Washington",United States of America
1577.0,26.33,89.47,Cooch Behar,India
2120.0,-43.765,170.131,Mount Cook,New Zealand
2058.0,10.5,-71.7,La Canada,"Venezuela, Bolivarian Republic of"
1332.0,-30.15,27.46,Mohale's Hoek,Lesotho
2130.0,-44.3051,171.2214,Timaru,New Zealand
1322.0,-32.57,151.15,Singleton,Australia
2048.0,-2.153333,-79.883333,Guayaquil,Ecuador
584.0,53.4,14.62,Szczecin,Poland
1054.0,45.73,4.82,Lyon,France
594.0,19.85,-71.63,Montecristi,Dominican Republic
1044.0,62.38,17.32,Sundsvall,Sweden
1779.0,37.98,-1.13,Murcia,Spain
1601.0,25.63,94.17,Kohima,India
1769.0,37.18,-3.6,Granada,Spain
1611.0,20.0,73.78,Nasik,India
3003.0,-21.22,48.34,Mananjary,Madagascar
1663.0,-37.08,144.24,Castlemaine,Australia
1673.0,-36.87,147.28,Falls Creek,Australia
3013.0,47.962222,21.886944,Nyiregyhaza,Hungary
2224.0,40.2081,-8.4194,Coimbra,Portugal
1036.0,43.32,45.03,Ordzhonikedzevskaja,Russian Federation
1026.0,46.28,48.05,Astrahan',Russian Federation
1228.0,48.67,21.22,Kosice,Slovakia
2142.0,16.75,97.666667,Hpa-an,Myanmar
1350.0,51.42,12.23,Leipzig,Germany
2152.0,16.766667,94.766667,Pathein,Myanmar
1238.0,39.5,-0.47,Valencia,Spain
1340.0,-29.17,28.71,Thaba-Tseka,Lesotho
834.0,39.83,-89.67,"Springfield, Illinois",United States of America
1505.0,-2.5439657,29.7686614,Ngoma,Rwanda
824.0,31.37,-100.5,"San Angelo, Texas",United States of America
1515.0,9.333333,13.383333,Garoua,Cameroon
1291.0,32.67,-115.47,Mexicali,Mexico
741.0,32.52,-84.95,"Columbus, Georgia",United States of America
2083.0,2.356032,-56.793523,Kwamalasemoetoe,Suriname
639.0,46.28,-63.13,"Charlottetown, Prince Edward Island",Canada
1281.0,18.92,-99.23,Cuernavaca,Mexico
751.0,38.88,-79.85,"Elkins, West Virginia",United States of America
629.0,50.43,-104.67,"Regina, Saskatchewan",Canada
2093.0,44.310278,23.866944,Craiova,Romania
114.0,27.7,85.3,Kathmandu,Nepal
104.0,-41.42,-73.08,Puerto Montt,Chile
272.0,37.62,-122.38,"San Francisco, California",United States of America
262.0,-11.45,34.02,Mzuzu,Malawi
427.0,-36.1,140.06,Keith,Australia
1916.0,53.08,-7.9,Offaly,Ireland
437.0,-30.6,138.42,Leigh Creek,Australia
1906.0,50.354,-4.121,Plymouth,United Kingdom of Great Britain and Northern Ireland
254.0,-1.95,30.05,Kigali,Rwanda
1784.0,42.43,-8.65,Pontevedra,Spain
244.0,14.738889,-17.5,Dakar,Senegal
1794.0,-0.48,37.45,Embu,Kenya
1848.0,47.38,123.92,Qiqihaer,China
401.0,-22.24,114.09,Exmouth,Australia
1930.0,31.25,34.8,Beer Sheva,Israel
579.0,7.88,98.4,Phuket,Thailand
411.0,-26.18,152.64,Gympie,Australia
569.0,16.43,101.15,Phetchabun,Thailand
1920.0,5.9,43.58,Gode,Ethiopia
767.0,36.08,-79.95,"Greensboro, North Carolina",United States of America
777.0,24.55,-81.75,"Key West, Florida",United States of America
132.0,13.4,-6.15,Segou,Mali
122.0,-17.87,36.87,Quelimane,Mozambique
2164.0,50.45,16.65,Klodzko,Poland
2985.0,-28.566667,29.766667,Ladysmith,South Africa
2174.0,40.480278,-3.369167,Alcala de Henares,Spain
1366.0,37.22,28.37,Mugla,Türkiye
2995.0,-17.7,48.46,Ambohitsilaozana,Madagascar
3506.0,8.483333,4.583333,Ilorin,Nigeria
812.0,38.28,-104.52,"Pueblo, Colorado",United States of America
1523.0,-4.0,30.1,Musasa,Burundi
802.0,37.07,-88.77,"Paducah, Kentucky",United States of America
1533.0,13.58,-2.43,Ouahigouya,Burkina Faso
395.0,-32.22,148.58,Dubbo,Australia
1645.0,7.12,-73.22,Lebrija,Colombia
3025.0,18.34,105.9,Ha Tinh,Viet Nam
385.0,-31.49,145.83,Cobar,Australia
1168.0,22.7,90.37,Barishal,Bangladesh
2202.0,-36.77833,-73.0625,Concepcion,Chile
1010.0,53.77,91.32,Hakasskaja,Russian Federation
69.0,39.18,46.38,Kapan,Armenia
1989.0,41.52503,-88.08173,"Joliet, Illinois",United States of America
2212.0,10.383333,1.366667,Natitingou,Benin
1178.0,-22.02,-60.6,Mariscal Jose Felix Estigarribia,Paraguay
1999.0,20.87833,-156.6825,"Lahaina, Hawaii",United States of America
79.0,6.17,102.28,Kota Bharu,Malaysia
8.0,-18.15,49.4,Toamasina,Madagascar
1000.0,57.95,56.2,Perm',Russian Federation
1893.0,57.206,-2.202,Aberdeen,United Kingdom of Great Britain and Northern Ireland
1072.0,-9.65,-35.73,Maceio,Brazil
1883.0,24.944,51.574,Ummsaid,Qatar
1062.0,-19.85,-43.95,Belo Horizonte,Brazil
1627.0,24.62,73.88,Udaipur,India
1439.0,36.19,5.41,Setif,Algeria
870.0,7.12,-73.12,Bucaramanga,Colombia
1541.0,4.87,31.6,Juba,South Sudan
908.0,58.13,8.0,Kristiansand,Norway
860.0,26.4,50.1,Dammam,Saudi Arabia
1429.0,-6.72,146.99,Lae City,Papua New Guinea
918.0,59.55,150.78,Magadan,Russian Federation
1551.0,-37.87,175.34,Hamilton,New Zealand
2106.0,-43.903,171.804,Ashburton,New Zealand
1314.0,-33.68,151.23,Terrey Hills,Australia
2116.0,-40.62,175.26,Levin,New Zealand
1304.0,-14.45,28.47,Kabwe,Zambia
150.0,-15.42,28.32,Lusaka,Zambia
1490.0,6.4043217,-58.625825,Bartica,Guyana
140.0,13.45,-16.58,Banjul,Gambia (The)
705.0,23.12,-81.35,Varadero,Cuba
715.0,35.23,-101.7,"Amarillo, Texas",United States of America
1952.0,45.07098333,7.685683333,Torino,Italy
473.0,-34.94,150.55,Nowra,Australia
1942.0,43.61613333,13.51845,Ancona,Italy
236.0,29.67,91.13,Lhasa,China
226.0,18.9,72.82,Mumbai,India
1157.0,44.88,110.12,Sainshand,Mongolia
487.0,-23.38,150.48,Rockhampton,Australia
56.0,50.87,7.17,Koeln,Germany
1147.0,47.73,106.94,Zuunmod,Mongolia
497.0,-42.13,148.08,Swansea,Australia
46.0,29.55,34.95,Eilat,Israel
1231.0,43.35,-8.43,A Coruna,Spain
2023.0,44.36832,-100.35097,"Pierre, South Dakota",United States of America
1349.0,54.38,10.15,Kiel,Germany
699.0,21.68,39.15,Jeddah,Saudi Arabia
1221.0,9.05,-79.366667,Panama City,Panama
1359.0,36.36,6.61,Constantine,Algeria
2033.0,43.61062,-72.97261,"Rutland, Vermont",United States of America
1464.0,33.32,44.39,Baghdad,Iraq
955.0,-18.22,28.93,Gokwe,Zimbabwe
945.0,51.15,5.42,Kleine Brogel,Belgium
1288.0,19.05,-104.32,Manzanillo,Mexico
758.0,42.97,-83.75,"Flint, Michigan",United States of America
620.0,48.65,-123.43,"Victoria, British Columbia",Canada
2903.0,43.0,-4.14,Reinosa,Spain
1298.0,22.22,-97.85,Tampico,Mexico
748.0,41.53,-93.65,"Des Moines, Iowa",United States of America
2913.0,40.47,0.47,Vinaros,Spain
630.0,49.9,-97.23,"Winnipeg, Manitoba",Canada
894.0,30.2,67.02,Quetta,Pakistan
884.0,11.55,-72.88,Riohacha,Colombia
313.0,46.0,8.97,Lugano,Switzerland
303.0,42.65,23.383333,Sofia,Bulgaria
2284.0,39.646056,22.460153,Larissa,Greece
1877.0,30.33,112.22,Jingzhou,China
546.0,36.05,103.88,Lanzhou,China
1867.0,30.7,111.3,Yichang,China
1086.0,-12.42,130.89,Darwin Rural,Australia
556.0,30.23,120.17,Hangzhou,China
1815.0,-41.9,146.67,Liawenee,Australia
524.0,23.23,77.4,Bhopal,India
1805.0,-33.91,151.11,Canterbury,Australia
534.0,25.6,85.13,Patna,India
209.0,41.68,44.95,Tbilisi,Georgia
371.0,-34.49,150.4,Bowral,Australia
219.0,34.55,69.22,Kabul,Afghanistan
361.0,-37.88,147.57,Bairnsdale,Australia
2180.0,37.540556,-5.075278,Ecija,Spain
642.0,47.62,-52.73,"St Johns, Newfoundland",Canada
2961.0,28.8,80.6,Dhangadhi,Nepal
1392.0,43.72,19.7,Zlatibor,Serbia
2190.0,40.029167,-6.0925,Plasencia,Spain
2971.0,9.0667,-1.8167,Damongo,Ghana
652.0,-1.17,136.05,Biak,Indonesia
1382.0,7.34,-2.34,Sunyani,Ghana
1406.0,25.3,56.27,Madha,Oman
937.0,38.07,46.28,Tabriz,Iran (Islamic Republic of)
1416.0,23.1,57.7,Saiq,Oman
927.0,11.32,-12.28,Labe,Guinea
783.0,40.85,-96.75,"Lincoln, Nebraska",United States of America
1253.0,-37.16,139.76,Robe,Australia
2139.0,14.1,98.216667,Dawei,Myanmar
2041.0,40.21705,-74.74294,"Trenton, New Jersey",United States of America
2129.0,-37.15,175.55,Thames,New Zealand
793.0,32.4,-86.23,"Montgomery, Alabama",United States of America
1243.0,7.5909302,-80.365865,Los Santos,Panama
2051.0,12.92,5.2,Sokoto,Nigeria
1135.0,47.73,96.85,Uliastai,Mongolia
34.0,50.73,-3.48,Exeter,United Kingdom of Great Britain and Northern Ireland
1125.0,10.43,-85.55,Filadelfia,Costa Rica
24.0,52.281389,20.963333,Warsaw,Poland
1760.0,39.47,-6.37,Caceres,Spain
1618.0,22.3,70.78,Rajkot,India
1770.0,40.63,-3.16,Guadalajara,Spain
1608.0,8.3,73.15,Minicoy,India
1224.0,47.87,18.2,Hurbanovo,Slovakia
2036.0,34.86974,-111.76099,"Sedona, Arizona",United States of America
1234.0,28.12,-15.43,Las Palmas de Gran Canaria,Spain
2026.0,40.33565,-75.92687,"Reading, Pennsylvania",United States of America
838.0,41.58,-83.8,"Toledo, Ohio",United States of America
940.0,28.9,50.83,Bushehr,Iran (Islamic Republic of)
1509.0,-2.06,29.42,Karongi,Rwanda
1461.0,31.9,54.36,Yazd,Iran (Islamic Republic of)
828.0,32.13,-81.2,"Savannah, Georgia",United States of America
1519.0,-3.32,29.32,Bujumbura,Burundi
950.0,-20.17,28.57,Bulawayo,Zimbabwe
1717.0,-11.4,130.42,Pirlangimpi,Australia
1707.0,-37.69,148.09,Mount Nowa Nowa,Australia
1142.0,47.47,101.46,Tsetserleg,Mongolia
492.0,-37.03,145.15,Seymour,Australia
2228.0,39.29,-7.42,Portalegre,Portugal
43.0,31.7833,35.2167,Jerusalem,Israel
1152.0,48.08,114.54,Choibalsan,Mongolia
482.0,-31.44,152.92,Port Macquarie,Australia
53.0,39.92,41.27,Erzurum,Türkiye
306.0,16.27,-61.53,"Le Raizet, Guadeloupe",France
316.0,-42.89,147.33,Hobart,Australia
1083.0,-23.52,-46.63,Sao Paulo,Brazil
553.0,31.87,117.28,Hefei,China
2281.0,40.4488,21.2736,Kastoria,Greece
1872.0,36.78,118.1,Zibo,China
543.0,43.75,87.6,Urumqi,China
635.0,46.8,-71.38,"Quebec, Quebec",Canada
2916.0,12.4,-16.75,Cap Skirring,Senegal
2906.0,41.07,-2.64,Siguenza,Spain
625.0,55.18,-118.88,"Grande Prairie, Alberta",Canada
118.0,42.45,59.6,Nukus,Uzbekistan
881.0,13.33,-81.37,Providencia,Colombia
891.0,31.55,74.35,Lahore,Pakistan
108.0,-12.0,-77.12,Lima,Peru
2195.0,28.681667,-17.763056,Santa Cruz de La Palma,Spain
657.0,58.52,31.25,Novgorod,Russian Federation
2974.0,8.05,-1.7167,Kintampo,Ghana
1387.0,10.0600742,-2.5098914,Wa,Ghana
2185.0,42.570556,-0.549444,Jaca,Spain
2964.0,29.3,82.2,Jumla,Nepal
647.0,3.58,98.67,Medan,Indonesia
1397.0,19.509372,57.656082,Duqam Airport,Oman
449.0,-33.95,115.07,Margaret River,Australia
1199.0,10.6,-66.95,Maiquetia,"Venezuela, Bolivarian Republic of"
1800.0,-3.38,38.55,Voi,Kenya
531.0,26.82,75.8,Jaipur,India
98.0,17.98,-76.8,Kingston,Jamaica
1978.0,38.20091,-84.87328,"Frankfort, Kentucky",United States of America
1810.0,-41.57,147.24,Evandale,Australia
1189.0,14.2,-89.4,Nueva Concepcion,El Salvador
1968.0,41.97788,-91.66562,"Cedar Rapids, Iowa",United States of America
88.0,3.07,101.63,Petaling Jaya,Malaysia
364.0,-33.43,149.56,Bathurst,Australia
374.0,-17.95,122.23,Broome,Australia
1120.0,10.2,-83.78,Guapiles,Costa Rica
21.0,59.95,10.72,Oslo,Norway
588.0,21.98,96.1,Mandalay,Myanmar
1058.0,43.6,1.43,Toulouse,France
1130.0,9.37,-83.7,San Isidro,Costa Rica
598.0,19.45,-70.7,Santiago,Dominican Republic
1048.0,5.852077,-55.207043,Paramaribo,Suriname
31.0,53.35,-2.27,Manchester,United Kingdom of Great Britain and Northern Ireland
1775.0,41.62,0.62,Lleida,Spain
1765.0,37.88,-4.78,Cordoba,Spain
1413.0,17.25,54.08,Qairoon,Oman
922.0,6.68,-1.63,Kumasi,Ghana
1403.0,16.9,53.29,Jabal_Qamar,Oman
932.0,9.18,-10.1,Kissidougou,Guinea
796.0,40.7,-74.17,"Newark, New Jersey",United States of America
1246.0,-9.48,147.19,Port Moresby,Papua New Guinea
2054.0,10.1,-69.3,Barquisimeto,"Venezuela, Bolivarian Republic of"
786.0,33.63,-101.85,"Lubbock, Texas",United States of America
1256.0,-33.52,115.79,Argyle,Australia
2044.0,44.89941,-97.11507,"Watertown, South Dakota",United States of America
772.0,39.73,-86.27,"Indianapolis, Indiana",United States of America
762.0,39.35,-101.7,"Goodland, Kansas",United States of America
2939.0,48.072222,37.726389,Donetsk,Ukraine
127.0,-25.03,33.63,Xai-Xai,Mozambique
137.0,-29.97,30.95,Durban,South Africa
241.0,23.13,113.32,Guangzhou,China
1791.0,39.86,-4.02,Toledo,Spain
339.0,7.7,81.7,Batticaloa,Sri Lanka
251.0,-1.3,36.75,Nairobi,Kenya
1781.0,43.36,-5.84,Oviedo,Spain
329.0,52.7,-8.92,Shannon Airport,Ireland
414.0,-25.29,152.82,Hervey Bay,Australia
1925.0,45.483,13.617,Portoroz,Slovenia
404.0,-23.86,151.26,Gladstone,Australia
1935.0,32.9667,35.5,Zefat,Israel
1728.0,-42.03,147.5,Ross,Australia
380.0,-32.13,133.71,Ceduna,Australia
1650.0,-37.28,142.98,Ararat,Australia
3030.0,9.18,105.15,Ca Mau,Viet Nam
1738.0,-29.43,142.01,Tibooburra,Australia
3020.0,65.543611,22.111389,Lulea,Sweden
390.0,-36.23,149.12,Cooma,Australia
1640.0,26.38,73.13,Jodhpur,India
2217.0,8.016667,2.483333,Save,Benin
1005.0,53.22,50.17,Samara,Russian Federation
2207.0,-24.85,-65.483333,Salta,Argentina
1015.0,50.43,127.41,Blagovescensk,Russian Federation
2171.0,51.933333,15.5,Zielona Gora,Poland
2009.0,33.68906,-78.88669,"Myrtle Beach, South Carolina",United States of America
1363.0,37.92,40.23,Diyarbakir,Türkiye
2990.0,-33.983333,25.6,Port Elizabeth,South Africa
2161.0,49.734166,13.376111,Pilsen,Czechia
1373.0,49.47,-2.59,Guernsey,United Kingdom of Great Britain and Northern Ireland
2980.0,7.5667,-1.9333,Techiman,Ghana
2019.0,47.03787,-122.9007,"Olympia, Washington",United States of America
807.0,40.5,-80.22,"Pittsburgh, Pennsylvania",United States of America
1536.0,19.17,30.48,Dongola,Sudan
817.0,37.32,-79.97,"Roanoke, Virginia",United States of America
1526.0,11.17,-4.3,Bobo Dioulasso,Burkina Faso
1554.0,-39.5,176.91,Napier,New Zealand
875.0,5.05,-75.5,Manizales,Colombia
1544.0,-19.98,23.42,Maun,Botswana
1279.0,28.65,-106.08,Chihuahua,Mexico
1301.0,25.55,-103.34,Torreon,Mexico
2103.0,29.25,80.95,Dipayal,Nepal
1269.0,27.97,34.38,Sharm El-Sheikh,Egypt
1311.0,-12.17,26.37,Solwezi,Zambia
1886.0,34.95,32.83,Prodromos,Cyprus
2275.0,39.223594,22.793706,Anchialos (Volos),Greece
1067.0,-27.67,-48.55,Florianopolis,Brazil
1896.0,52.917,-3.583,Bala,United Kingdom of Great Britain and Northern Ireland
1077.0,-8.75,-63.9,Porto Velho,Brazil
1622.0,31.1,77.17,Shimla,India
476.0,-37.69,148.46,Orbost,Australia
1947.0,39.08075,17.12688333,Crotone,Italy
466.0,-36.96,140.74,Naracoorte,Australia
1957.0,33.95,-83.38333,"Athens, Georgia",United States of America
223.0,33.716667,73.1,Islamabad,Pakistan
233.0,13.706944,100.568056,Bangkok,Thailand
1495.0,8.12,-59.47,Mabaruma,Guyana
145.0,52.27,6.87,Twenthe,Netherlands
155.0,15.28,38.92,Asmara,Eritrea
710.0,20.02,-75.85,Santiago De Cuba,Cuba
668.0,-10.35,40.18,Mtwara,United Republic of Tanzania
700.0,21.42,39.8,Makkah,Saudi Arabia
163.0,7.05,38.47,Awassa,Ethiopia
982.0,57.63,39.75,Jaroslavl',Russian Federation
173.0,55.87,26.62,Daugavpils,Latvia
992.0,54.63,39.7,Rjazan',Russian Federation
736.0,41.15,-104.82,"Cheyenne, Wyoming",United States of America
726.0,41.17,-73.13,"Bridgeport, Connecticut",United States of America
1819.0,-42.48,146.71,Ouse,Australia
450.0,-25.52,152.71,Maryborough,Australia
1180.0,25.13,10.15,Ghat,Libya (State of)
1961.0,44.80118,-68.77781,"Bangor, Maine",United States of America
81.0,5.93,116.05,Kota Kinabalu,Malaysia
528.0,15.48,73.82,Goa,India
440.0,-33.93,150.91,Liverpool,Australia
1190.0,25.25,55.33,Dubai,United Arab Emirates
1809.0,-43.32,147.01,Dover,Australia
538.0,-36.85,174.77,Auckland,New Zealand
91.0,5.9,118.07,Sandakan,Malaysia
1971.0,33.744,-90.72482,"Cleveland, Mississippi",United States of America
205.0,53.928611,27.635278,Minsk,Belarus
215.0,31.98,35.98,Amman,Jordan
1139.0,46.17,100.71,Bayankhongor,Mongolia
591.0,29.63,35.02,Aqaba,Jordan
1041.0,55.9,13.0,Malmo,Sweden
38.0,54.65,-6.22,Belfast,United Kingdom of Great Britain and Northern Ireland
1129.0,9.42,-84.15,Quepos,Costa Rica
28.0,52.45,-1.73,Birmingham,United Kingdom of Great Britain and Northern Ireland
1051.0,48.45,-4.42,Brest,France
1614.0,28.1,95.38,Passighat,India
1604.0,30.87,75.93,Ludhiana,India
843.0,26.68,-80.12,"West Palm Beach, Florida",United States of America
853.0,27.92,-82.45,"Tampa, Florida",United States of America
1562.0,23.73,92.75,Aizwal,India
2135.0,-39.967,175.017,Whanganui,New Zealand
2125.0,-38.887,175.333,Taumarunui,New Zealand
1337.0,-28.76,28.26,Botha-Bothe,Lesotho
2157.0,18.940561,96.432784,Taungoo,Myanmar
1345.0,51.4,6.97,Essen,Germany
695.0,24.55,39.7,Madinah,Saudi Arabia
2147.0,20.833333,95.833333,Meiktila,Myanmar
1355.0,54.18,12.08,Rostock,Germany
1468.0,31.05,46.27,Nasiriya,Iraq
821.0,38.75,-90.37,"St. Louis, Missouri",United States of America
1510.0,-1.67,29.25,Rubavu,Rwanda
959.0,-18.53,32.12,Rusape,Zimbabwe
831.0,43.57,-96.73,"Sioux Falls, South Dakota",United States of America
949.0,54.65,-8.1,Donegal,Ireland
3006.0,-17.077,49.824,Sainte Marie,Madagascar
2231.0,41.6952,-8.8365,Viana do Castelo,Portugal
1023.0,47.12,39.42,Azov,Russian Federation
2221.0,41.5475,-8.4227,Braga,Portugal
1033.0,44.63,41.97,Nevinnomyssk,Russian Federation
267.0,25.8,-80.3,"Miami, Florida",United States of America
277.0,47.43,-122.3,"Seattle, Washington",United States of America
432.0,-33.13,135.55,Kyancutta,Australia
2288.0,35.5288,24.1454,Souda (Chania),Greece
1903.0,57.478,-4.223,Inverness,United Kingdom of Great Britain and Northern Ireland
422.0,-30.79,121.45,Kalgoorlie,Australia
1913.0,58.545,-3.089,Wick,United Kingdom of Great Britain and Northern Ireland
1284.0,17.0933248,-96.6923045,Huatulco,Mexico
2877.0,5.3,-3.3,Adiake,Côte d'Ivoire
754.0,38.05,-87.53,"Evansville, Indiana",United States of America
2096.0,45.789444,24.091389,Sibiu,Romania
1294.0,20.58,-100.28,Queretaro,Mexico
744.0,27.77,-97.5,"Corpus Christi, Texas",United States of America
898.0,31.4,73.07,Faisalabad,Pakistan
101.0,11.17,-60.73,Scarborough (Tobago),Trinidad and Tobago
111.0,-3.75,-73.25,Iquitos,Peru
888.0,1.78,-78.8,Tumaco,Colombia
1435.0,31.61,-2.22,Bechar,Algeria
904.0,46.65,14.33,Klagenfurt,Austria
1425.0,46.85,29.63,Tiraspol,Republic of Moldova
914.0,64.53,40.55,Arhangel'sk,Russian Federation
2893.0,40.6,-6.53,Ciudad Rodrigo,Spain
1260.0,-22.7,117.79,Tom Price,Australia
2072.0,42.731111,10.395556,Isola d'Elba,Italy
1318.0,-32.9,144.28,Ivanhoe,Australia
2883.0,-1.28,30.31,Nyagatare,Rwanda
1270.0,27.15,33.72,Hurghada,Egypt
1308.0,-11.14,28.87,Mansa,Zambia
2062.0,5.6,-67.5,Puerto Ayacucho,"Venezuela, Bolivarian Republic of"
1116.0,10.02,-83.77,Turrialba,Costa Rica
17.0,48.25,16.37,Vienna,Austria
1753.0,41.92,8.78,Ajaccio,France
283.0,14.05,-87.22,Tegucigalpa,Honduras
293.0,-34.88,-56.17,Montevideo,Uruguay
1826.0,-42.45,147.46,Tunnack,Australia
517.0,-37.68,144.84,Tullamarine,Australia
1836.0,40.1,113.33,Datong,China
507.0,-28.22,152.03,Warwick,Australia
1692.0,-12.05,134.23,Maningrida,Australia
342.0,7.28,80.62,Kandy,Sri Lanka
1682.0,-35.72,143.92,Kerang,Australia
352.0,41.77,123.43,Shenyang,China
709.0,20.88,-76.25,Holguin,Cuba
2952.0,3.525778,39.04528,Moyale,Kenya
671.0,-5.08,39.07,Tanga,United Republic of Tanzania
719.0,30.28,-97.7,"Austin, Texas",United States of America
661.0,56.07,93.13,Krasnojarsk,Russian Federation
2942.0,48.633333,22.261111,Uzhhorod,Ukraine
2930.0,14.772222,-13.688889,Tambacounda,Senegal
613.0,63.75,-68.53,"Iqaluit, Nunavut",Canada
603.0,45.43,9.28,Milan (MILANO),Italy
2920.0,14.138889,-16.072222,Kaolack,Senegal
1596.0,21.92,84.08,Jharsuguda,India
1586.0,17.35,76.85,Gulbarga,India
258.0,6.58,3.33,Lagos,Nigeria
1788.0,41.76,-2.47,Soria,Spain
320.0,-27.4808,153.0389,Brisbane,Australia
248.0,30.083333,31.283333,Cairo,Egypt
1798.0,-3.2191864,40.1168906,Malindi,Kenya
330.0,54.23,-10.0,Belmullet,Ireland
1844.0,24.35,109.4,Liuzhou,China
575.0,12.9,100.88,Pattaya,Thailand
1854.0,22.55,114.1,Shenzhen,China
565.0,19.298888889,97.975555556,Mae Hong Son,Thailand
1731.0,-37.91,144.13,Sheoaks,Australia
3029.0,12.67,108.05,Buon Me Thuot,Viet Nam
399.0,-33.83,121.89,Esperance,Australia
1649.0,-34.56,150.79,Albion Park,Australia
389.0,-29.01,134.76,Coober Pedy,Australia
1164.0,22.8,91.99,Chittagong,Bangladesh
1985.0,19.72972,-155.09,"Hilo, Hawaii",United States of America
65.0,46.25,20.1,Szeged,Hungary
1174.0,12.18,18.68,Mongo,Chad
75.0,6.1,100.35,Alor Setar,Malaysia
1995.0,42.93369,-72.27814,"Keene, New Hampshire",United States of America
4.0,37.02,-7.97,Faro,Portugal
1202.0,8.15,-63.55,Cd. Bolivar,"Venezuela, Bolivarian Republic of"
2168.0,53.783333,20.5,Olsztyn,Poland
2989.0,-23.85,29.45,Polokwane,South Africa
2010.0,43.54072,-116.56346,"Nampa, Idaho",United States of America
2178.0,37.6,-0.981944,Cartagena,Spain
1212.0,-15.48,128.12,Wyndham,Australia
2000.0,32.31994,-106.76365,"Las Cruces, New Mexico",United States of America
2999.0,-16.76,44.49,Besalampy,Madagascar
187.0,59.33,18.05,Stockholm,Sweden
1457.0,36.56,53.05,Sari,Iran (Islamic Republic of)
966.0,-16.52,28.78,Kariba,Zimbabwe
197.0,50.08,14.42,Prague,Czechia
1447.0,36.09,49.85,Ghazvin,Iran (Islamic Republic of)
976.0,57.82,28.42,Pskov,Russian Federation
1605.0,9.83,78.08,Madurai,India
1615.0,11.97,79.82,Puducherry,India
29.0,54.98,-1.6,Newcastle,United Kingdom of Great Britain and Northern Ireland
1050.0,44.87,-0.58,Bordeaux,France
1128.0,9.97,-84.82,Puntarenas,Costa Rica
1040.0,71.7,128.9,Tiksi,Russian Federation
590.0,32.55,35.85,Irbid,Jordan
39.0,53.8,-1.53,Leeds,United Kingdom of Great Britain and Northern Ireland
1138.0,46.38,96.24,Govi-Altai,Mongolia
1336.0,-28.72,28.62,Oxbow,Lesotho
2124.0,-42.117,171.867,Reefton,New Zealand
2134.0,-37.925,176.919,Whakatane,New Zealand
1563.0,26.45,74.62,Ajmer,India
852.0,37.33,-121.88,"San Jose, California",United States of America
1573.0,25.23,86.97,Bhagalpur,India
842.0,31.62,-97.22,"Waco, Texas",United States of America
727.0,25.9,-97.43,"Brownsville, Texas",United States of America
737.0,39.1,-84.5,"Cincinnati, Ohio",United States of America
993.0,54.13,45.23,Saransk,Russian Federation
172.0,66.48,25.68,Rovaniemi,Finland
983.0,56.95,40.97,Ivanovo,Russian Federation
162.0,9.02,38.73,Addis Ababa,Ethiopia
214.0,33.82,35.48,Beirut,Lebanon
204.0,54.636389,25.290833,Vilnius,Lithuania
539.0,-43.47,172.52,Christchurch,New Zealand
1970.0,36.52977,-87.35945,"Clarksville, Tennessee",United States of America
90.0,2.33,111.83,Sibu,Malaysia
1191.0,25.62,55.93,Ras Al Khaimah,United Arab Emirates
441.0,-23.44,144.28,Longreach,Australia
1808.0,-43.15,147.07,Cygnet,Australia
80.0,1.48,110.33,Kuching,Malaysia
1960.0,41.76058,-88.32007,"Aurora, Illinois",United States of America
529.0,26.1,91.58,Guwahati,India
1818.0,-42.69,146.59,Mount Field,Australia
1181.0,31.2,16.58,Sirte,Libya (State of)
451.0,-26.61,118.54,Meekatharra,Australia
1912.0,57.725,-4.896,Ullapool,United Kingdom of Great Britain and Northern Ireland
423.0,-20.71,116.77,Karratha,Australia
1902.0,55.907,-4.53,Glasgow,United Kingdom of Great Britain and Northern Ireland
433.0,-33.1,118.46,Lake Grace,Australia
2289.0,38.100825,23.779447,Tatoi (North Attica),Greece
276.0,44.88,-93.22,"Minneapolis, Minnesota",United States of America
266.0,49.18,-123.17,"Vancouver, British Columbia",Canada
110.0,-13.55,-71.98,Cuzco,Peru
889.0,10.47,-73.25,Valledupar,Colombia
899.0,30.18,71.45,Multan,Pakistan
100.0,10.67,-61.5,Port of Spain (Trinidad),Trinidad and Tobago
2087.0,4.354351,-54.401284,Stoelmanseiland,Suriname
745.0,32.83,-97.05,"Dallas Ft Worth, Texas",United States of America
1295.0,26.07,-98.28,Reynosa,Mexico
2097.0,45.162222,29.726944,Sulina,Romania
755.0,64.82,-147.87,"Fairbanks, Alaska",United States of America
2876.0,5.25,-3.933333,Abidjan,Côte d'Ivoire
1285.0,17.63,-101.57,Ixtapa Zihuatanejo,Mexico
948.0,53.27,-9.05,Galway,Ireland
1501.0,20.93,101.42,Luangnamtha,Lao People's Democratic Republic
830.0,42.4,-96.38,"Sioux City, Iowa",United States of America
1511.0,-2.47,29.57,Nyamagabe,Rwanda
958.0,-18.18,31.55,Marondera,Zimbabwe
1469.0,-16.1,167.42,Lakatoro,Vanuatu
820.0,38.52,-121.5,"Sacramento, California",United States of America
684.0,-30.27,116.66,Dalwallinu,Australia
1354.0,49.05,12.1,Regensburg,Germany
2146.0,22.933333,97.75,Lashio,Myanmar
1344.0,50.98,10.97,Erfurt,Germany
2156.0,20.133333,92.883333,Sittwe,Myanmar
1032.0,44.62,40.08,Maikop,Russian Federation
2220.0,38.02,-7.87,Beja,Portugal
1022.0,48.78,44.37,Volgograd,Russian Federation
2230.0,38.5246,-8.8856,Setubal,Portugal
1667.0,-41.58,145.94,Cradle Valley,Australia
3007.0,-14.25,50.14,Sambava,Madagascar
3017.0,2.9,11.166667,Ebolowa,Cameroon
1677.0,-42.83,147.28,Glenorchy,Australia
353.0,39.03,117.2,Tianjin,China
1683.0,-37.38,144.97,Kilmore Gap,Australia
343.0,6.97,80.77,Nuwara Eliya,Sri Lanka
506.0,-38.29,142.44,Warrnambool,Australia
516.0,-37.7,145.08,Watsonia,Australia
1827.0,-41.44,145.53,Waratah,Australia
2943.0,49.248056,28.603333,Vinnytsia,Ukraine
660.0,55.02,73.38,Omsk,Russian Federation
718.0,39.45,-74.57,"Atlantic City, New Jersey",United States of America
670.0,-5.08,32.83,Tabora,United Republic of Tanzania
2953.0,1.7488,40.0586,Wajir,Kenya
708.0,21.38,-77.92,Camaguey,Cuba
1309.0,-15.25,23.15,Mongu,Zambia
2063.0,7.9,-72.5,San Antonio Del Tachira,"Venezuela, Bolivarian Republic of"
1271.0,25.67,32.7,Luxor,Egypt
2882.0,6.746389,73.168611,Hanimaadhoo,Maldives
2073.0,40.351517,18.175017,Lecce,Italy
1319.0,-29.73,151.73,Glen Innes,Australia
1261.0,36.18,37.2,Aleppo,Syrian Arab Republic
2892.0,37.91,-3.0,Cazorla,Spain
915.0,51.53,46.0,Saratov,Russian Federation
1424.0,45.9,28.2,Cahul,Republic of Moldova
905.0,47.27,11.35,Innsbruck,Austria
1434.0,36.9,7.76,Annaba,Algeria
292.0,-25.3,-57.67,Asuncion,Paraguay
282.0,13.72,-89.2,San Salvador,El Salvador
1752.0,-22.26,131.8,Yuendumu,Australia
16.0,44.75,17.18,Banja Luka,Bosnia and Herzegovina
1117.0,9.527504,-82.633899,Sixaola,Costa Rica
5.0,32.64,-16.91,Funchal,Portugal
1994.0,40.69933,-99.08168,"Kearney, Nebraska",United States of America
74.0,42.65,18.07,Dubrovnik,Croatia
1175.0,-25.5,-54.62,Ciudad Del Este,Paraguay
64.0,46.0,18.23,Pecs,Hungary
1984.0,31.32712,-89.29034,"Hattiesburg, Mississippi",United States of America
1165.0,24.9,91.88,Sylhet,Bangladesh
1658.0,-41.0,147.39,Bridport,Australia
388.0,-33.36,116.15,Collie,Australia
1720.0,-38.34,141.6,Portland,Australia
3028.0,13.98,108.0,Pleiku,Viet Nam
1648.0,2.57,-72.63,San Jose Del Guaviare,Colombia
398.0,-23.57,148.18,Emerald,Australia
1730.0,-41.16,147.51,Scottsdale,Australia
977.0,54.72,20.55,Kaliningrad,Russian Federation
1446.0,37.48,57.32,Bojnoord,Iran (Islamic Republic of)
196.0,16.73,-22.95,Sal,Cabo Verde
967.0,68.97,33.05,Murmansk,Russian Federation
1456.0,35.32,46.99,Sanandaj,Iran (Islamic Republic of)
186.0,26.2,127.68,Naha,Japan
2001.0,34.60357,-98.39593,"Lawton, Oklahoma",United States of America
2998.0,-14.89,48.0,Antsohihy,Madagascar
2179.0,40.001667,3.837778,Ciutadella de Menorca,Spain
2988.0,-25.5,30.916667,Nelspruit,South Africa
2011.0,38.29754,-122.28687,"Napa, California",United States of America
1203.0,7.9,-67.42,San Fernando,"Venezuela, Bolivarian Republic of"
2169.0,50.116667,22.016667,Rzeszow,Poland
1587.0,26.23,78.25,Gwalior,India
1597.0,8.08,77.5,Kanyakumari,India
2921.0,12.57,-12.22,Kedougou,Senegal
602.0,43.8,11.2,Florence (FIRENZE),Italy
564.0,29.87,121.55,Ningbo,China
1855.0,44.23,86.05,Shihezi,China
574.0,14.02,99.53,Kanchanaburi,Thailand
331.0,55.37,-7.33,Malin Head,Ireland
1799.0,2.33,37.98,Marsabit,Kenya
249.0,15.6,32.55,Khartoum,Sudan
321.0,-19.25,146.77,Townsville,Australia
1789.0,41.12,1.26,Tarragona,Spain
259.0,6.35,2.38,Cotonou,Benin
542.0,36.07,120.33,Qingdao,China
2280.0,37.0692,22.0226,Kalamata,Greece
552.0,34.72,113.65,Zhengzhou,China
1082.0,-2.42,-44.08,Sao Luis,Brazil
2290.0,37.5247,22.3972,Tripolis,Greece
317.0,-36.07,146.96,Albury / Wodonga,Australia
307.0,14.6,-61.0,Le Lamentin,France
890.0,4.13,-73.63,Villavicencio,Colombia
109.0,-16.15,-71.55,Arequipa,Peru
119.0,-13.3,35.23,Lichinga,Mozambique
880.0,2.42,-76.6,Popayan,Colombia
624.0,52.18,-113.9,"Red Deer, Alberta",Canada
2907.0,40.01,-3.01,Tarancon,Spain
2917.0,14.65,-16.238889,Diourbel,Senegal
634.0,45.47,-73.75,"Montreal, Quebec",Canada
1518.0,4.566667,13.683333,Bertoua,Cameroon
951.0,-18.92,29.8,Kwekwe,Zimbabwe
1460.0,30.66,51.59,Yasouj,Iran (Islamic Republic of)
829.0,32.55,-93.77,"Shreveport, Louisiana",United States of America
941.0,30.27,57.05,Kerman,Iran (Islamic Republic of)
1508.0,-2.47,28.92,Rusizi,Rwanda
839.0,39.07,-95.63,"Topeka, Kansas",United States of America
1470.0,-19.53,169.27,Lenakel,Vanuatu
2027.0,35.23275,-106.66304,"Rio Rancho, New Mexico",United States of America
1235.0,36.67,-4.48,Malaga,Spain
2037.0,57.05306,-135.33,"Sitka, Alaska",United States of America
1225.0,48.64,19.13,Sliac,Slovakia
52.0,41.28,36.33,Samsun,Türkiye
483.0,-33.17,138.01,Port Pirie,Australia
1153.0,46.69,113.29,Baruun-Urt,Mongolia
42.0,35.85,14.48,"Luqa, Malta",Malta
493.0,-36.38,145.42,Shepparton,Australia
1143.0,46.38,102.79,Arvaikheer,Mongolia
2229.0,39.2,-8.74,Santarem,Portugal
1706.0,-37.75,147.14,Mount Moornapa,Australia
1716.0,-38.51,145.15,Phillip Island,Australia
1764.0,38.99,-3.93,Ciudad Real,Spain
1774.0,42.6,-5.57,Leon,Spain
20.0,38.75,48.83,Lenkaran,Azerbaijan
1059.0,8.98,79.92,Mannar,Sri Lanka
589.0,-0.62,73.15,Gan - Addu Atoll,Maldives
1121.0,11.03,-84.72,Los Chiles,Costa Rica
2045.0,36.09986,-80.24422,"Winston-Salem, North Carolina",United States of America
1257.0,-37.87,144.76,Laverton [VIC],Australia
787.0,32.7,-83.65,"Macon, Georgia",United States of America
2055.0,8.9,-67.4,Calabozo,"Venezuela, Bolivarian Republic of"
797.0,36.9,-76.2,"Norfolk, Virginia",United States of America
933.0,8.53,-9.47,Macenta,Guinea
1402.0,23.23,56.5,Ibri,Oman
923.0,-21.98,35.32,Vilanculos,Mozambique
1412.0,22.93,57.53,Nizwa,Oman
1396.0,25.633256,56.253261,Dibba,Oman
646.0,15.1105068,105.8172881,Pakse,Lao People's Democratic Republic
2965.0,27.3,86.5,Okhaldhunga,Nepal
2184.0,43.539167,-5.659444,Gijon,Spain
2975.0,6.0833,-0.25,Koforidua,Ghana
656.0,16.08,108.22,Da Nang,Viet Nam
2194.0,28.089722,-17.109167,San Sebastian de la Gomera,Spain
375.0,-33.36,115.64,Bunbury,Australia
365.0,-36.68,149.83,Bega,Australia
89.0,5.45,100.25,Pulau Pinang,Malaysia
1969.0,33.30616,-111.84125,"Chandler, Arizona",United States of America
520.0,-4.03,39.62,Mombasa,Kenya
1811.0,-41.64,147.97,Fingal,Australia
1188.0,13.45,-88.12,San Miguel,El Salvador
458.0,-38.24,145.07,Mornington Peninsula,Australia
530.0,17.45,78.47,Hyderabad,India
1979.0,44.29109,-105.50222,"Gillette, Wyoming",United States of America
99.0,18.47,-77.92,Montego Bay,Jamaica
1198.0,10.25,-67.58,Maracay,"Venezuela, Bolivarian Republic of"
448.0,-17.0,145.43,Mareeba,Australia
1801.0,-43.35,147.32,Adventure Bay,Australia
1014.0,51.1,114.52,Aginskoe,Russian Federation
2206.0,-37.933333,-57.583333,Mar del Plata,Argentina
1004.0,55.47,65.4,Kurgan,Russian Federation
2216.0,6.483333,2.616667,Porto-Novo,Benin
3021.0,63.195556,14.500278,Ostersund,Sweden
391.0,-37.29,140.83,Coonawarra,Australia
1739.0,-33.0,151.58,Toronto,Australia
1651.0,-38.03,144.48,Avalon,Australia
381.0,-26.41,146.26,Charleville,Australia
3031.0,21.83,106.75,Lang Son,Viet Nam
1729.0,-36.06,146.46,Rutherglen,Australia
1527.0,11.73,-2.92,Boromo,Burkina Faso
816.0,37.5,-77.33,"Richmond, Virginia",United States of America
1537.0,15.47,36.4,Kassala,Sudan
806.0,33.43,-112.02,"Phoenix, Arizona",United States of America
2981.0,-16.84,27.07,Choma,Zambia
1372.0,49.21,-2.13,Jersey,United Kingdom of Great Britain and Northern Ireland
2018.0,38.8814,-94.81913,"Olathe, Kansas",United States of America
3512.0,30.37943,-9.559449,Agadir Inezganne,Morocco
2160.0,15.25,97.866667,Yay,Myanmar
2008.0,44.26006,-72.57539,"Montpelier, Vermont",United States of America
2991.0,-25.716667,28.166667,Pretoria,South Africa
1362.0,22.79,5.53,Tamanrasset,Algeria
2170.0,53.033333,18.616667,Torun,Poland
136.0,18.43,1.35,Kidal,Mali
126.0,-23.87,35.38,Inhambane,Mozambique
2938.0,45.040278,33.967222,Simferopol,Ukraine
763.0,39.12,-108.53,"Grand Junction, Colorado",United States of America
2928.0,16.05,-16.45,Saint-Louis,Senegal
773.0,32.32,-90.08,"Jackson, Mississippi",United States of America
1934.0,32.7,35.3,Nazareth,Israel
405.0,-27.99,153.41,Gold Coast,Australia
1924.0,45.8,15.18,Novo Mesto,Slovenia
415.0,-36.65,142.1,Horsham,Australia
328.0,51.85,-8.48,Cork,Ireland
1780.0,42.34,-7.86,Ourense,Spain
250.0,11.55,43.15,Djibouti,Djibouti
338.0,8.3,80.4,Anuradhapura,Sri Lanka
1790.0,40.34,-1.11,Teruel,Spain
240.0,31.17,121.43,Shanghai,China
232.0,16.77,96.17,Yangon,Myanmar
222.0,24.433333,54.466667,Abu Dhabi,United Arab Emirates
1956.0,38.97845,-76.49218,"Annapolis, Maryland",United States of America
467.0,-32.93,117.18,Narrogin,Australia
1946.0,41.56025,14.66271667,Campobasso,Italy
477.0,-23.17,117.75,Paraburdoo,Australia
701.0,-8.08,-79.1,Trujillo,Peru
669.0,-2.47,32.92,Mwanza,United Republic of Tanzania
711.0,40.92,-81.43,"Akron, Ohio",United States of America
154.0,13.07,42.72,Assab,Eritrea
144.0,52.1,5.17,De Bilt,Netherlands
1494.0,6.01,-58.31,Linden,Guyana
1310.0,-12.99,28.66,Ndola,Zambia
2102.0,26.98,87.35,Dhankuta,Nepal
1268.0,31.2,29.95,Alexandria,Egypt
1300.0,19.28,-99.65,Toluca,Mexico
1278.0,31.73,-106.52,Ciudad Juarez,Mexico
1545.0,-17.82,25.15,Kasane,Botswana
874.0,-4.205429,-69.932808,Leticia,Colombia
1555.0,-41.29,173.23,Nelson,New Zealand
864.0,21.48,40.55,Taif,Saudi Arabia
1623.0,17.67,75.9,Solapur,India
1633.0,26.55,-78.7,Freeport,Bahamas
1076.0,-30.03,-51.22,Porto Alegre,Brazil
1897.0,53.253,-3.974,Bangor,United Kingdom of Great Britain and Northern Ireland
1066.0,-25.32,-49.4,Curitiba,Brazil
2274.0,40.857306,25.947,Alexandroupoli,Greece
1887.0,30.9,41.14,Arar,Saudi Arabia
2095.0,45.088889,24.362778,Rm. Valcea,Romania
1287.0,17.82,-97.78,Leon,Mexico
757.0,35.13,-111.67,"Flagstaff, Arizona",United States of America
2085.0,5.940848,-56.992004,Nieuw Nickerie,Suriname
1297.0,22.17,-100.98,San Luis Potosi,Mexico
747.0,29.18,-81.07,"Daytona Beach, Florida",United States of America
102.0,-20.53,-70.18,Iquique,Chile
112.0,23.6,58.53,Muscat (Seeb),Oman
264.0,43.67,-79.63,"Toronto, Ontario",Canada
274.0,41.98,-87.9,"Chicago, Illinois",United States of America
1900.0,54.933,-2.963,Carlisle,United Kingdom of Great Britain and Northern Ireland
549.0,37.78,112.55,Taiyuan,China
1878.0,26.58,101.72,Panzhihua,China
431.0,-15.78,128.71,Kununurra,Australia
559.0,20.03,110.35,Haikou,China
1910.0,51.565,-3.981,Swansea,United Kingdom of Great Britain and Northern Ireland
421.0,-27.71,114.16,Kalbarri,Australia
1868.0,33.02,97.02,Yushu,China
1675.0,-41.1,146.82,George Town,Australia
3015.0,5.5,10.416667,Bafoussam,Cameroon
3005.0,-22.5,45.41,Ranohira,Madagascar
1665.0,-37.34,149.02,Combienbar,Australia
1020.0,51.65,39.25,Voronez,Russian Federation
59.0,52.565556,13.310833,Berlin,Germany
1158.0,43.71,111.9,ZamiinUud,Mongolia
488.0,-26.55,148.78,Roma,Australia
2232.0,41.3053,-7.744,Vila Real,Portugal
49.0,38.43,27.17,Izmir,Türkiye
1030.0,52.27,87.17,Turocak,Russian Federation
2222.0,41.8076,-6.7606,Braganca,Portugal
1148.0,49.46,105.97,Darkhan,Mongolia
498.0,-35.34,143.55,Swan Hill,Australia
1346.0,48.0,7.85,Freiburg,Germany
2154.0,18.825464,95.26155,Pyay,Myanmar
1356.0,49.22,7.12,Saarbruecken,Germany
2144.0,24.166667,96.333333,Katha,Myanmar
1513.0,4.016667,9.733333,Douala,Cameroon
822.0,44.92,-123.0,"Salem, Oregon",United States of America
1503.0,0.183333,30.1,Kasese,Uganda
832.0,41.7,-86.32,"South Bend, Indiana",United States of America
1571.0,22.33,73.27,Baroda,India
938.0,36.28,59.58,Mashhad,Iran (Islamic Republic of)
1409.0,20.51,58.15,Mhout,Oman
840.0,32.13,-110.95,"Tucson, Arizona",United States of America
928.0,12.47,-13.28,Koundara,Guinea
1561.0,27.17,78.03,Agra,India
850.0,18.43,-66.0,"San Juan, Puerto Rico",United States of America
1419.0,22.56,59.48,Sur,Oman
2136.0,-35.767,174.366,Whangarei,New Zealand
1334.0,-30.11,28.69,Qacha's Nek,Lesotho
2126.0,-38.743,176.081,Taupo,New Zealand
592.0,18.2,-71.1,Barahona,Dominican Republic
1042.0,57.67,12.3,Gothenburg,Sweden
582.0,62.02,-6.77,Torshavn,Denmark
1052.0,45.77,3.08,Clermont Ferrand,France
1617.0,21.22,81.67,Raipur,India
1607.0,12.92,74.88,Mangalore,India
1962.0,36.99032,-86.4436,"Bowling Green, Kentucky",United States of America
82.0,3.116667,101.55,Kuala Lumpur,Malaysia
453.0,-34.23,142.08,Mildura,Australia
92.0,14.58,120.97,Metro Manila,Philippines
1972.0,44.54394,-73.14791,"Colchester, Vermont",United States of America
443.0,-21.12,149.22,Mackay,Australia
1193.0,-37.9,145.23,Scoresby,Australia
206.0,55.833333,37.616667,Moscow,Russian Federation
216.0,24.72,46.73,Riyadh,Saudi Arabia
981.0,58.6,49.63,Kirov,Russian Federation
160.0,10.97,-74.76,Barranquilla,Colombia
991.0,54.23,37.62,Tula,Russian Federation
170.0,61.5,23.77,Tampere,Finland
735.0,35.03,-85.2,"Chattanooga, Tennessee",United States of America
725.0,43.6,-116.2,"Boise, Idaho",United States of America
3519.0,34.046023,-6.758144,Rabat-Sale,Morocco
2013.0,42.76537,-71.46757,"Nashua, New Hampshire",United States of America
1379.0,4.89,-1.75,Takoradi,Ghana
1201.0,8.6,-71.18,Merida,"Venezuela, Bolivarian Republic of"
1369.0,41.01,39.72,Trabzon,Türkiye
3509.0,28.7678,83.7477,Jomsom,Nepal
2003.0,42.99564,-71.45479,"Manchester, New Hampshire",United States of America
965.0,-18.37,26.5,Hwange,Zimbabwe
184.0,34.68,135.52,Osaka,Japan
1454.0,37.57,45.04,Orumiyeh,Iran (Islamic Republic of)
975.0,64.78,177.57,Anadyr',Russian Federation
194.0,48.821667,2.337778,Paris,France
1444.0,38.25,48.3,Ardabil,Iran (Islamic Republic of)
1732.0,-40.84,145.12,Smithton,Australia
1722.0,-42.08,145.55,Queenstown,Australia
1986.0,38.41925,-82.44515,"Huntington, West Virginia",United States of America
66.0,40.13,44.47,Yerevan,Armenia
1167.0,22.81,89.25,Khulna,Bangladesh
76.0,4.47,101.43,Cameron Highlands,Malaysia
1996.0,42.58474,-87.82119,"Kenosha, Wisconsin",United States of America
7.0,-18.8,47.48,Antananarivo,Madagascar
1177.0,-27.32,-55.87,Encarnacion,Paraguay
323.0,-23.8,133.89,Alice Springs,Australia
333.0,37.75,128.88,Gangneung,Republic of Korea
576.0,12.58,99.95,Hua Hin,Thailand
566.0,19.92,99.83,Chiang Rai,Thailand
768.0,40.22,-76.85,"Harrisburg, Pennsylvania",United States of America
600.0,41.13,16.78,Bari,Italy
2923.0,15.388889,-15.122222,Linguere,Senegal
778.0,35.8,-84.0,"Knoxville, Tennessee",United States of America
1595.0,22.82,86.18,Jamshedpur,India
1585.0,26.75,83.42,Gorakhpur,India
2951.0,-1.5177,37.2634,Machakos,Kenya
672.0,-6.22,39.22,Zanzibar,United Republic of Tanzania
662.0,52.27,104.32,Irkutsk,Russian Federation
2941.0,48.565556,39.2275,Luhansk,Ukraine
514.0,-25.19,130.97,Yulara,Australia
1825.0,-40.37,148.03,The Corner,Australia
504.0,-35.16,147.46,Wagga Wagga,Australia
341.0,9.67,80.0,Jaffna,Sri Lanka
239.0,34.3,108.93,Xi'an,China
351.0,30.58,114.28,Wuhan,China
229.0,47.92,106.87,Ulaanbaatar,Mongolia
14.0,43.33,17.8,Mostar,Bosnia and Herzegovina
1115.0,9.87,-83.92,Cartago,Costa Rica
1628.0,25.45,82.87,Varanasi,India
1750.0,-36.03,146.03,Yarrawonga,Australia
280.0,23.17,-82.35,Havana,Cuba
1740.0,-28.2,153.55,Tweed Heads,Australia
290.0,-15.78,-47.93,Brasilia,Brazil
907.0,63.42,10.42,Trondheim,Norway
1436.0,34.86,5.73,Biskra,Algeria
917.0,62.02,129.72,Jakutsk,Russian Federation
1426.0,-9.08,143.2,Daru,Papua New Guinea
2071.0,37.511833,15.085517,Catania,Italy
2890.0,39.7,3.44,Capdepera,Spain
1263.0,35.53,35.77,Lattakia,Syrian Arab Republic
2109.0,-35.95,173.833,Dargaville,New Zealand
2061.0,9.8,-70.9,Mene Grande,"Venezuela, Bolivarian Republic of"
2119.0,-41.122,172.99,Motueka,New Zealand
2880.0,6.866667,-6.466667,Daloa,Côte d'Ivoire
1273.0,27.43,89.42,Paro,Bhutan
921.0,5.57,-0.18,Accra,Ghana
1568.0,19.85,75.4,Aurangabad,India
859.0,-54.8,-68.32,Ushuaia,Argentina
1410.0,16.9,53.92,Salalah Port,Oman
1578.0,30.32,78.03,Dehradun,India
931.0,11.4,-9.18,Siguiri,Guinea
1400.0,17.5,56.0,Halaniyat,Oman
849.0,21.33,-157.92,"Honolulu, Hawaii",United States of America
2057.0,10.6,-62.3,Guiria,"Venezuela, Bolivarian Republic of"
795.0,29.98,-90.25,"New Orleans, Louisiana",United States of America
1245.0,9.33,-82.25,Bocas del Toro,Panama
2047.0,-2.886666,-78.983333,Cuenca,Ecuador
785.0,38.18,-85.73,"Louisville, Kentucky",United States of America
22.0,60.38,5.33,Bergen,Norway
32.0,51.504722,-0.131111,London,United Kingdom of Great Britain and Northern Ireland
1133.0,48.98,89.94,Ulgii,Mongolia
1776.0,42.47,-2.45,Logrono,Spain
1766.0,40.08,-2.13,Cuenca,Spain
532.0,26.83,80.92,Lucknow,India
1803.0,-41.54,147.67,Ben Lomond,Australia
522.0,23.07,72.63,Ahmedabad,India
1813.0,-43.16,146.92,Geeveston,Australia
367.0,-17.37,123.66,Derby,Australia
377.0,-33.66,115.34,Busselton,Australia
998.0,53.12,45.02,Penza,Russian Federation
179.0,33.57,-7.67,Casablanca,Morocco
988.0,56.27,44.0,Niznij Novgorod,Russian Federation
169.0,60.52,22.27,Turku,Finland
654.0,-8.5,116.65,Lombok,Indonesia
1384.0,9.4,-0.83,Tamale,Ghana
2196.0,42.88,-8.544167,Santiago de Compostela,Spain
2967.0,5.9167,-0.9833,Akim Oda,Ghana
644.0,19.88,102.13,Luangphrabang,Lao People's Democratic Republic
1394.0,22.97,57.3,Bahla,Oman
2186.0,36.701944,-6.128611,Jerez de la Frontera,Spain
636.0,45.87,-66.53,"Fredericton, New Brunswick",Canada
2905.0,41.08,1.13,Salou,Spain
626.0,50.02,-110.72,"Medicine Hat, Alberta",Canada
882.0,6.18,-67.48,Puerto Carreno,Colombia
892.0,24.83,67.0,Karachi,Pakistan
305.0,4.83,-52.37,Rochambeau,France
315.0,-34.96,138.53,Adelaide,Australia
1080.0,-22.9,-43.18,Rio De Janeiro,Brazil
550.0,38.03,114.5,Shijiazhuang,China
1919.0,7.13,40.02,Bale Robe,Ethiopia
428.0,-31.08,152.82,Kempsey,Australia
1861.0,27.98,120.68,Wenzhou,China
1909.0,50.901,-1.403,Southampton,United Kingdom of Great Britain and Northern Ireland
540.0,45.75,126.77,Harbin,China
2282.0,38.120194,20.504944,Kefalhnia,Greece
1871.0,27.827987,113.133853,Zhuzhou,China
438.0,-27.8386,120.7031,Leinster,Australia
1714.0,-42.55,147.88,Orford,Australia
1704.0,-36.98,147.13,Mount Hotham,Australia
40.0,52.63,1.28,Norwich,United Kingdom of Great Britain and Northern Ireland
1039.0,61.23,73.4,Surgut,Russian Federation
1141.0,50.44,100.15,Khatgal,Mongolia
491.0,-32.06,150.93,Scone,Australia
1029.0,51.68,55.1,Orenburg,Russian Federation
50.0,36.98,35.3,Adana,Türkiye
1151.0,47.31,110.62,Undurkhaan,Mongolia
481.0,-34.72,135.86,Port Lincoln,Australia
2035.0,35.68698,-105.9378,"Santa Fe, New Mexico",United States of America
1227.0,49.07,20.25,Poprad,Slovakia
2025.0,42.72613,-87.78285,"Racine, Wisconsin",United States of America
1237.0,37.42,-5.9,Sevilla,Spain
943.0,27.18,56.27,Bandarabbas,Iran (Islamic Republic of)
1472.0,-13.87,167.55,Sola,Vanuatu
953.0,-19.45,29.82,Gweru,Zimbabwe
1462.0,36.67,48.49,Zanjan,Iran (Islamic Republic of)
1496.0,6.24,-57.52,New Amsterdam,Guyana
146.0,51.45,3.6,Vlissingen,Netherlands
156.0,22.198333333,113.539166667,Macao,"Macao, China"
2948.0,1.0191,35.0023,Kitale,Kenya
713.0,35.05,-106.62,"Albuquerque, New Mexico",United States of America
703.0,32.42,-99.68,"Abilene, Texas",United States of America
1944.0,44.49488333,11.34261667,Bologna,Italy
475.0,-33.38,149.12,Orange,Australia
1954.0,13.4627,144.7439,"Agana, Guam",United States of America
465.0,-35.12,139.27,Murray Bridge,Australia
1688.0,-42.12,146.18,Lake St Clair,Australia
358.0,-30.52,151.67,Armidale,Australia
220.0,26.27,50.65,Bahrain/Manama,Bahrain
1698.0,-38.08,142.77,Mortlake,Australia
348.0,11.55,104.92,Phnom Penh - Pochentong,Cambodia
230.0,39.03,125.78,Pyongyang,Democratic People's Republic of Korea
1064.0,-20.48,-54.63,Campo Grande,Brazil
1885.0,35.03,32.43,Polis Chrysochous,Cyprus
2276.0,37.8898,23.7419,Athinai Hellinikon (South Attica),Greece
1074.0,-5.78,-35.22,Natal,Brazil
1895.0,54.346,-6.651,Armagh,United Kingdom of Great Britain and Northern Ireland
1749.0,-41.0,145.73,Wynyard,Australia
299.0,-16.87,145.75,Cairns,Australia
1621.0,25.57,91.88,Shillong,India
1759.0,42.34,-3.7,Burgos,Spain
289.0,6.8,-58.15,Georgetown,Guyana
1557.0,-40.33,175.61,Palmerston North,New Zealand
866.0,7.88,-76.62,Apartado,Colombia
1547.0,-24.7,25.92,Sir Seretse Khama Airport,Botswana
876.0,8.75,-75.87,Monteria,Colombia
2068.0,-27.3917,153.1292,Brisbane Airport,Australia
1302.0,19.18,-96.13,Veracruz,Mexico
2110.0,-38.659,177.985,Gisborne,New Zealand
2889.0,41.35,-1.64,Calatayud,Spain
1312.0,-35.43,149.15,Tuggeranong,Australia
2078.0,41.881967,16.179467,Vieste,Italy
2899.0,41.7,2.85,Lloret de Mar,Spain
2100.0,2.033333,45.35,Mogadishu,Somalia
1360.0,32.49,3.68,Ghardaia,Algeria
2993.0,-28.4,21.25,Upington,South Africa
1218.0,-25.93,113.53,Denham,Australia
2172.0,40.516666,72.816666,Osh,Kyrgyzstan
3510.0,27.35,87.67,Taplejung,Nepal
1370.0,38.5,43.37,Van,Türkiye
2983.0,-10.27,32.68,Isoka,Zambia
2162.0,50.769722,15.023889,Liberec,Czechia
1208.0,25.7,-100.32,Monterrey,Mexico
1535.0,19.58,37.22,Port Sudan,Sudan
804.0,40.67,-89.68,"Peoria, Illinois",United States of America
1525.0,-2.92,29.52,Rwegura,Burundi
814.0,44.05,-103.07,"Rapid City, South Dakota",United States of America
383.0,-33.84,138.61,Clare,Australia
1653.0,-36.32,146.68,Beechworth,Australia
393.0,-35.55,144.95,Deniliquin,Australia
1643.0,4.11,-73.6,Gaviotas,Colombia
1006.0,56.5,84.92,Tomsk,Russian Federation
2214.0,9.355659,2.615433,Parakou,Benin
242.0,36.7,3.22,Algiers,Algeria
1792.0,42.85,-2.67,Vitoria-Gasteiz,Spain
252.0,-6.82,39.27,Dar Es Salaam,United Republic of Tanzania
1782.0,42.01,-4.53,Palencia,Spain
1926.0,46.5,13.717,Ratece,Slovenia
417.0,-17.53,146.03,Innisfail,Australia
1936.0,3.016667,30.916667,Arua,Uganda
407.0,-33.39,151.33,Gosford,Australia
771.0,34.65,-86.77,"Huntsville, Alabama",United States of America
619.0,53.88,-122.68,"Prince George, British Columbia",Canada
761.0,36.78,-119.7,"Fresno, California",United States of America
124.0,-19.82,34.83,Beira,Mozambique
134.0,16.72,-3.0,Tombouctou,Mali
376.0,-24.89,152.32,Bundaberg,Australia
366.0,-36.74,144.32,Bendigo,Australia
1812.0,-38.15,145.12,Frankston,Australia
523.0,12.97,77.58,Bangalore,India
1802.0,-36.07,146.9,Albury,Australia
533.0,21.15,79.08,Nagpur,India
2187.0,36.509444,-4.883889,Marbella,Spain
1395.0,24.233809889,55.915469111,Buraimi,Oman
645.0,16.55,104.65,Savannakhet,Lao People's Democratic Republic
2197.0,41.236944,1.805556,Sitges,Spain
1385.0,9.43,0.0,Yendi,Ghana
655.0,-3.7,128.15,Ambon,Indonesia
168.0,60.203056,24.961389,Helsinki-Vantaa,Finland
989.0,56.08,47.33,Cheboksary,Russian Federation
178.0,40.52,22.97,Thessaloniki,Greece
999.0,58.98,54.65,Kudymkar,Russian Federation
784.0,34.83,-92.27,"Little Rock, Arkansas",United States of America
2046.0,42.26259,-71.80229,"Worcester, Massachusetts",United States of America
1244.0,8.38,-80.27,Anton,Panama
794.0,36.12,-86.68,"Nashville, Tennessee",United States of America
2056.0,9.0,-69.7,Guanare,"Venezuela, Bolivarian Republic of"
1401.0,22.68,58.55,Ibra,Oman
848.0,32.67,-114.6,"Yuma, Arizona",United States of America
1579.0,32.27,76.38,Dharamsala,India
930.0,10.03,-10.73,Faranah,Guinea
858.0,-41.15,-71.17,Bariloche,Argentina
1411.0,22.78,57.44,Mudhebi,Oman
920.0,49.68,18.12,Ostrava,Czechia
1569.0,21.5,86.93,Balasore,India
1767.0,43.32,-1.98,Donostia/San Sebastian,Spain
1777.0,43.01,-7.56,Lugo,Spain
1132.0,47.81,108.34,Baganuur district,Mongolia
33.0,55.95,-3.35,Edinburgh,United Kingdom of Great Britain and Northern Ireland
1122.0,10.88,-85.0,Upala,Costa Rica
23.0,69.68,18.92,Tromsoe,Norway
480.0,-20.37,118.63,Port Hedland,Australia
1150.0,46.35,108.37,Choir,Mongolia
1028.0,45.12,42.08,Stavropol',Russian Federation
51.0,36.88,30.7,Antalya,Türkiye
490.0,-38.11,147.13,Sale,Australia
1140.0,49.64,100.17,Murun,Mongolia
41.0,48.15,17.12,Bratislava,Slovakia
1038.0,42.83,47.55,Mahackala,Russian Federation
1705.0,-20.68,139.49,Mount Isa,Australia
1715.0,-35.07,142.32,Ouyen,Australia
1463.0,31.83,47.15,Amarah,Iraq
952.0,-18.33,29.9,Kadoma,Zimbabwe
942.0,29.48,60.85,Zahedan,Iran (Islamic Republic of)
1236.0,39.55,2.73,Palma de Mallorca,Spain
2024.0,40.23384,-111.65853,"Provo, Utah",United States of America
1226.0,48.33,19.73,Lucenec,Slovakia
2034.0,44.9537,-93.08996,"Saint Paul, Minnesota",United States of America
893.0,34.0,71.53,Peshawar,Pakistan
883.0,5.68,-76.65,Quibdo,Colombia
627.0,49.63,-112.8,"Lethbridge, Alberta",Canada
2904.0,36.76,-2.62,Roquetas de Mar,Spain
2914.0,38.99,-0.52,Xativa,Spain
637.0,44.88,-63.52,"Halifax, Nova Scotia",Canada
2283.0,39.6081,19.9139,Kerkyra,Greece
439.0,-28.81,153.26,Lismore,Australia
1908.0,52.241,-3.376,Rhayader,United Kingdom of Great Britain and Northern Ireland
541.0,43.9,125.22,Changchun,China
429.0,-26.55,151.85,Kingaroy,Australia
1860.0,34.5,105.62,Tianshui,China
551.0,36.67,117.0,Jinan,China
1081.0,-12.95,-38.5,Salvador,Brazil
1918.0,10.02,34.52,Assosa,Ethiopia
314.0,-31.93,115.98,Perth,Australia
304.0,28.47,-16.25,Santa Cruz De Tenerife,Spain
288.0,10.48,-66.92,Caracas,"Venezuela, Bolivarian Republic of"
1758.0,38.88,-6.97,Badajoz,Spain
1620.0,24.75,92.8,Silchar,India
298.0,-41.32,174.82,Wellington,New Zealand
1748.0,-39.13,146.42,Wilsons Promontory,Australia
1630.0,17.68,83.3,Vishakhapatnam,India
1894.0,52.431,-4.019,Aberystwyth,United Kingdom of Great Britain and Northern Ireland
1075.0,-26.48,-51.98,Palmas,Brazil
2277.0,38.3453,26.142,Chios,Greece
1884.0,35.06,33.96,Paralimni,Cyprus
1065.0,-15.6,-56.1,Cuiaba,Brazil
2898.0,43.42,-4.75,Llanes,Spain
2101.0,28.6,81.6,Birendranagar,Nepal
1313.0,-33.8,151.02,Parramatta,Australia
2079.0,40.741944,44.863611,Dilijan,Armenia
2111.0,-46.11171,168.887611,Gore,New Zealand
2888.0,38.54,-0.13,Benidorm,Spain
2069.0,37.076389,14.225,Agrigento,Italy
1303.0,17.98,-92.93,Villahermosa,Mexico
877.0,2.92,-75.27,Neiva,Colombia
1546.0,-21.68,21.63,Ghanzi,Botswana
867.0,7.07,-70.75,Arauca,Colombia
1556.0,-39.01,174.18,New Plymouth,New Zealand
702.0,-18.03,-70.33,Tacna,Peru
2959.0,27.5,83.4,Bhairahwa,Nepal
712.0,42.65,-73.75,"Albany, New York",United States of America
2949.0,-0.4371,36.958,Nyeri,Kenya
157.0,4.62,-74.08,Bogota,Colombia
147.0,50.92,5.77,Maastricht,Netherlands
1497.0,6.3,-58.15,Timehri,Guyana
231.0,37.57,126.97,Seoul,Republic of Korea
349.0,29.52,106.48,Chongqing,China
1699.0,-35.06,138.85,Mount Barker,Australia
221.0,25.25,51.57,Doha,Qatar
359.0,-34.3133,115.1675,Augusta,Australia
464.0,-32.6,149.6,Mudgee,Australia
1955.0,42.28083,-83.74304,"Ann Arbor, Michigan",United States of America
474.0,-34.48,139.0,Nuriootpa,Australia
1945.0,46.4983,11.35475,Bolzano,Italy
406.0,-28.52,150.33,Goondiwindi,Australia
1937.0,2.75,32.333333,Gulu,Uganda
416.0,-18.65,146.18,Ingham,Australia
1927.0,58.4,26.7,Tartu,Estonia
1783.0,42.81,-1.65,Pamplona/Iruna,Spain
253.0,-4.62,55.43,Victoria,Seychelles
1793.0,41.5,-5.75,Zamora,Spain
243.0,36.83,10.23,Tunis-Carthage,Tunisia
135.0,16.27,-0.05,Gao,Mali
125.0,-19.12,33.47,Chimoio,Mozambique
760.0,41.0,-85.2,"Fort Wayne, Indiana",United States of America
618.0,49.62,-115.78,"Cranbrook, British Columbia",Canada
770.0,29.97,-95.35,"Houston, Texas",United States of America
608.0,55.73,21.07,Klaipeda,Lithuania
815.0,39.5,-119.78,"Reno, Nevada",United States of America
1524.0,-4.3,29.6,Nyanza Lac,Burundi
805.0,39.88,-75.23,"Philadelphia, Pennsylvania",United States of America
1534.0,11.17,-1.15,Po,Burkina Faso
2163.0,53.116667,23.15,Bialystok,Poland
1209.0,21.15,-86.83,Cancun,Mexico
3511.0,-29.45,27.56,Moshoeshoe I,Lesotho
2982.0,-13.25,31.93,Mfuwe,Zambia
1371.0,41.45,31.79,Zonguldak,Türkiye
1219.0,-20.15,57.48,Port Louis,Mauritius
2992.0,-25.65,27.216667,Rustenburg,South Africa
1361.0,35.71,-0.64,Oran,Algeria
2205.0,-50.28,-72.05,El Calafate,Argentina
1017.0,46.95,142.71,Juzhno-Sahalinsk,Russian Federation
2215.0,11.04,0.9667,Porga,Benin
1007.0,55.08,82.9,Novosibirsk,Russian Federation
1642.0,3.88,-77.06,Buenaventura,Colombia
392.0,-27.17,151.27,Dalby,Australia
3022.0,63.811111,20.239722,Umea,Sweden
1652.0,-28.84,153.56,Ballina,Australia
382.0,-20.04,146.27,Charters Towers,Australia
2223.0,39.8217,-7.4957,Castelo Branco,Portugal
499.0,-31.09,150.85,Tamworth,Australia
1149.0,49.033,104.05,Erdenet,Mongolia
48.0,39.95,32.88,Ankara,Türkiye
1031.0,51.72,94.5,Kyzyl,Russian Federation
489.0,-30.45,137.17,Roxby Downs,Australia
1159.0,-35.93,148.38,Cabramurra,Australia
2233.0,40.6585,-7.912,Viseu,Portugal
1021.0,50.63,36.58,Belgorod,Russian Federation
58.0,48.37,11.8,Munich,Germany
3004.0,-13.31,48.32,Nosy Be,Madagascar
1664.0,-38.36,145.18,Cerberus,Australia
1674.0,-37.57,149.92,Gabo Island,Australia
3014.0,47.198333,16.647778,Szombathely,Hungary
833.0,47.63,-117.53,"Spokane, Washington",United States of America
1502.0,19.45,103.17,Xiengkhuang,Lao People's Democratic Republic
823.0,40.78,-111.95,"Salt Lake City, Utah",United States of America
1512.0,-2.6,29.73,Huye,Rwanda
2145.0,21.3,99.616667,Kengtung,Myanmar
687.0,-33.48,150.16,Lithgow,Australia
1357.0,48.83,9.2,Stuttgart,Germany
2155.0,21.912735,95.957403,Sagaing,Myanmar
697.0,28.38,36.57,Tabouk,Saudi Arabia
1347.0,52.47,9.68,Hannover,Germany
113.0,17.03,54.08,Salalah,Oman
103.0,-33.445,-70.6825,Santiago,Chile
746.0,39.9,-84.2,"Dayton, Ohio",United States of America
1296.0,25.43,-100.98,Saltillo,Mexico
2084.0,5.697982,-55.21362,Lelydorp,Suriname
756.0,46.9,-96.8,"Fargo, North Dakota",United States of America
1286.0,19.53,-96.92,Jalapa,Mexico
2094.0,47.163333,27.627222,Iasi,Romania
420.0,-12.66,132.89,Jabiru,Australia
1869.0,40.78,114.88,Zhangjiakou,China
558.0,22.82,108.37,Nanning,China
1911.0,50.218,-5.33,Truro,United Kingdom of Great Britain and Northern Ireland
430.0,-35.66,137.64,Kingscote,Australia
1901.0,54.4,-7.65,Enniskillen,United Kingdom of Great Britain and Northern Ireland
548.0,26.58,106.7,Guiyang,China
275.0,42.23,-83.33,"Detroit, Michigan",United States of America
265.0,45.3225,-75.669167,"Ottawa, Ontario",Canada
217.0,29.22,47.98,Kuwait Airport,Kuwait
207.0,50.4,30.57,Kyiv,Ukraine
1192.0,-27.49,153.2,Brisbane Bayside,Australia
442.0,-31.54,159.08,Lord Howe Island,Australia
1973.0,38.95171,-92.33407,"Columbia, Missouri",United States of America
93.0,-18.15,178.45,Suva,Fiji
1182.0,32.12,20.06,Benghazi,Libya (State of)
452.0,-31.48,118.28,Merredin,Australia
83.0,3.78,103.22,Kuantan,Malaysia
1963.0,45.68346,-111.0505,"Bozeman, Montana",United States of America
724.0,46.77,-100.77,"Bismarck, North Dakota",United States of America
734.0,35.23,-80.9,"Charlotte, North Carolina",United States of America
171.0,62.88,27.68,Kuopio,Finland
990.0,54.57,36.4,Kaluga,Russian Federation
161.0,10.41,-75.53,Cartagena,Colombia
980.0,59.32,39.92,Vologda,Russian Federation
2127.0,-37.671,176.197,Tauranga,New Zealand
1335.0,-29.27,29.13,Mokhotlong,Lesotho
2137.0,-36.832,175.675,Whitianga,New Zealand
851.0,37.65,-97.43,"Wichita, Kansas",United States of America
1418.0,24.38,56.73,Sohar,Oman
929.0,10.35,-9.3,Kankan,Guinea
1560.0,23.88,91.25,Agartala,India
1408.0,20.42,58.83,Masirah,Oman
841.0,36.2,-95.9,"Tulsa, Oklahoma",United States of America
1570.0,28.37,79.4,Bareilly,India
939.0,31.32,48.68,Ahwaz,Iran (Islamic Republic of)
1606.0,25.03,88.13,Malda,India
1616.0,11.67,92.72,Port Blair,India
1053.0,50.65,3.07,Lille,France
583.0,64.17,-51.72,Nuuk,Denmark
1043.0,58.58,16.15,Norrkoping,Sweden
593.0,18.42,-68.97,La Romana,Dominican Republic
1856.0,43.18,124.33,Siping,China
567.0,18.78,98.98,Chiang Mai,Thailand
1846.0,31.48,92.07,Naqu,China
577.0,9.53,99.95,Ko Samui,Thailand
332.0,52.67,-7.27,Kilkenny,Ireland
322.0,-12.42,130.89,Darwin,Australia
1584.0,19.27,84.88,Gopalpur,India
1594.0,32.67,74.83,Jammu,India
779.0,30.12,-93.22,"Lake Charles, Louisiana",United States of America
2922.0,12.888889,-14.972222,Kolda,Senegal
601.0,39.25,9.07,Cagliari,Italy
769.0,46.6,-112.0,"Helena, Montana",United States of America
2932.0,12.55,-16.272222,Ziguinchor,Senegal
1445.0,32.88,59.21,Birjand,Iran (Islamic Republic of)
195.0,40.411111,-3.678056,Madrid,Spain
974.0,64.27,100.23,Tura,Russian Federation
1455.0,37.27,49.59,Rasht,Iran (Islamic Republic of)
185.0,33.58,130.38,Fukuoka,Japan
964.0,-20.2,32.62,Chipinge,Zimbabwe
1210.0,-20.78,117.15,Roebourne,Australia
1368.0,37.15,38.79,Sanliurfa,Türkiye
2002.0,42.63342,-71.31617,"Lowell, Massachusetts",United States of America
3508.0,29.3,80.5833,Dadeldhura,Nepal
1200.0,10.92,-63.98,Margarita,"Venezuela, Bolivarian Republic of"
2012.0,26.14204,-81.79481,"Naples, Florida",United States of America
3518.0,34.790144,-1.938358,Oujda,Morocco
1378.0,42.44,19.27,Podgorica,Montenegro
1176.0,-22.6,-56.0,Pedro Juan Caballero,Paraguay
6.0,37.75,-25.67,Ponta Delgada,Portugal
1997.0,55.34222,-131.64611,"Ketchikan, Alaska",United States of America
77.0,4.58,101.07,Ipoh,Malaysia
1166.0,24.3635886,88.6241351,Rajshahi,Bangladesh
67.0,40.8,44.47,Vanadzor,Armenia
1987.0,43.49165,-112.03396,"Idaho Falls, Idaho",United States of America
1723.0,-37.02,144.52,Redesdale,Australia
1733.0,-36.85,145.73,Strathbogie,Australia
291.0,-0.17,-78.48,Quito,Ecuador
1741.0,-41.15,146.16,Ulverstone,Australia
1639.0,26.47,80.33,Kanpur,India
281.0,18.48,-69.92,Santo Domingo,Dominican Republic
1751.0,-34.83,148.91,Yass,Australia
1629.0,16.52,80.62,Vijayawada,India
1114.0,9.98,-84.12,Heredia,Costa Rica
15.0,44.53,18.67,Tuzla,Bosnia and Herzegovina
2118.0,-44.673,167.924,Milford Sound,New Zealand
1272.0,23.97,32.78,Asswan,Egypt
2881.0,9.5,-7.566667,Odienne,Côte d'Ivoire
2060.0,9.8,-63.2,Maturin,"Venezuela, Bolivarian Republic of"
1262.0,35.32,40.15,Deir Ezzor,Syrian Arab Republic
2891.0,38.1,-1.86,Caravaca de La Cruz,Spain
2070.0,40.635567,8.282817,Alghero,Italy
1427.0,-6.08,145.39,Goroka,Papua New Guinea
916.0,56.87,60.43,Ekaterinburg,Russian Federation
1437.0,24.55,9.48,Djanet,Algeria
906.0,14.62,-90.52,Guatemala City,Guatemala
2940.0,46.738333,32.708333,Kherson,Ukraine
663.0,48.52,135.17,Habarovsk,Russian Federation
673.0,-17.73,168.32,Port Vila,Vanuatu
2950.0,0.0515,37.6456,Meru,Kenya
228.0,4.2,73.53,Male',Maldives
350.0,32.0,118.8,Nanjing,China
1680.0,-43.02,147.05,Huonville,Australia
238.0,25.02,102.68,Kunming,China
340.0,6.03,80.22,Galle,Sri Lanka
1690.0,-36.67,142.3,Longerenong,Australia
1834.0,25.7,100.18,Dali,China
505.0,-36.42,146.31,Wangaratta,Australia
1824.0,-42.77,146.05,Strathgordon,Australia
515.0,-34.02,151.21,Kurnell,Australia
